"","sst","chlo","tmax","dt","pico_biom","nano_biom","micro_biom","phyto_slope","phyto_int","phyto_max"
"1",0,0.0316227766016838,1000,0.01,0.0207261112731728,0.00556276219025308,0.00222130921161323,-1.19040911044053,-5.02900385961529,-8.2
"2",1,0.0316227766016838,1000,0.01,0.0207261112731728,0.00556276219025308,0.00222130921161323,-1.19040911044053,-5.02900385961529,-8.2
"3",2,0.0316227766016838,1000,0.01,0.0207261112731728,0.00556276219025308,0.00222130921161323,-1.19040911044053,-5.02900385961529,-8.2
"4",3,0.0316227766016838,1000,0.01,0.0207261112731728,0.00556276219025308,0.00222130921161323,-1.19040911044053,-5.02900385961529,-8.2
"5",4,0.0316227766016838,1000,0.01,0.0207261112731728,0.00556276219025308,0.00222130921161323,-1.19040911044053,-5.02900385961529,-8.2
"6",5,0.0316227766016838,1000,0.01,0.0207261112731728,0.00556276219025308,0.00222130921161323,-1.19040911044053,-5.02900385961529,-8.2
"7",6,0.0316227766016838,1000,0.01,0.0207261112731728,0.00556276219025308,0.00222130921161323,-1.19040911044053,-5.02900385961529,-8.2
"8",7,0.0316227766016838,1000,0.01,0.0207261112731728,0.00556276219025308,0.00222130921161323,-1.19040911044053,-5.02900385961529,-8.2
"9",8,0.0316227766016838,1000,0.01,0.0207261112731728,0.00556276219025308,0.00222130921161323,-1.19040911044053,-5.02900385961529,-8.2
"10",9,0.0316227766016838,1000,0.01,0.0207261112731728,0.00556276219025308,0.00222130921161323,-1.19040911044053,-5.02900385961529,-8.2
"11",10,0.0316227766016838,1000,0.01,0.0207261112731728,0.00556276219025308,0.00222130921161323,-1.19040911044053,-5.02900385961529,-8.2
"12",11,0.0316227766016838,1000,0.01,0.0207261112731728,0.00556276219025308,0.00222130921161323,-1.19040911044053,-5.02900385961529,-8.2
"13",12,0.0316227766016838,1000,0.01,0.0207261112731728,0.00556276219025308,0.00222130921161323,-1.19040911044053,-5.02900385961529,-8.2
"14",13,0.0316227766016838,1000,0.01,0.0207261112731728,0.00556276219025308,0.00222130921161323,-1.19040911044053,-5.02900385961529,-8.2
"15",14,0.0316227766016838,1000,0.01,0.0207261112731728,0.00556276219025308,0.00222130921161323,-1.19040911044053,-5.02900385961529,-8.2
"16",15,0.0316227766016838,1000,0.01,0.0207261112731728,0.00556276219025308,0.00222130921161323,-1.19040911044053,-5.02900385961529,-8.2
"17",16,0.0316227766016838,1000,0.01,0.0207261112731728,0.00556276219025308,0.00222130921161323,-1.19040911044053,-5.02900385961529,-8.2
"18",17,0.0316227766016838,1000,0.01,0.0207261112731728,0.00556276219025308,0.00222130921161323,-1.19040911044053,-5.02900385961529,-8.2
"19",18,0.0316227766016838,1000,0.01,0.0207261112731728,0.00556276219025308,0.00222130921161323,-1.19040911044053,-5.02900385961529,-8.2
"20",19,0.0316227766016838,1000,0.01,0.0207261112731728,0.00556276219025308,0.00222130921161323,-1.19040911044053,-5.02900385961529,-8.2
"21",20,0.0316227766016838,1000,0.01,0.0207261112731728,0.00556276219025308,0.00222130921161323,-1.19040911044053,-5.02900385961529,-8.2
"22",21,0.0316227766016838,1000,0.01,0.0207261112731728,0.00556276219025308,0.00222130921161323,-1.19040911044053,-5.02900385961529,-8.2
"23",22,0.0316227766016838,1000,0.01,0.0207261112731728,0.00556276219025308,0.00222130921161323,-1.19040911044053,-5.02900385961529,-8.2
"24",23,0.0316227766016838,1000,0.01,0.0207261112731728,0.00556276219025308,0.00222130921161323,-1.19040911044053,-5.02900385961529,-8.2
"25",24,0.0316227766016838,1000,0.01,0.0207261112731728,0.00556276219025308,0.00222130921161323,-1.19040911044053,-5.02900385961529,-8.2
"26",25,0.0316227766016838,1000,0.01,0.0207261112731728,0.00556276219025308,0.00222130921161323,-1.19040911044053,-5.02900385961529,-8.2
"27",26,0.0316227766016838,1000,0.01,0.0207261112731728,0.00556276219025308,0.00222130921161323,-1.19040911044053,-5.02900385961529,-8.2
"28",27,0.0316227766016838,1000,0.01,0.0207261112731728,0.00556276219025308,0.00222130921161323,-1.19040911044053,-5.02900385961529,-8.2
"29",28,0.0316227766016838,1000,0.01,0.0207261112731728,0.00556276219025308,0.00222130921161323,-1.19040911044053,-5.02900385961529,-8.2
"30",29,0.0316227766016838,1000,0.01,0.0207261112731728,0.00556276219025308,0.00222130921161323,-1.19040911044053,-5.02900385961529,-8.2
"31",30,0.0316227766016838,1000,0.01,0.0207261112731728,0.00556276219025308,0.00222130921161323,-1.19040911044053,-5.02900385961529,-8.2
"32",0,0.0398107170553497,1000,0.01,0.0248300071203824,0.0072782858656512,0.0028862237168021,-1.17764924497978,-4.78071671106234,-8.2
"33",1,0.0398107170553497,1000,0.01,0.0248300071203824,0.0072782858656512,0.0028862237168021,-1.17764924497978,-4.78071671106234,-8.2
"34",2,0.0398107170553497,1000,0.01,0.0248300071203824,0.0072782858656512,0.0028862237168021,-1.17764924497978,-4.78071671106234,-8.2
"35",3,0.0398107170553497,1000,0.01,0.0248300071203824,0.0072782858656512,0.0028862237168021,-1.17764924497978,-4.78071671106234,-8.2
"36",4,0.0398107170553497,1000,0.01,0.0248300071203824,0.0072782858656512,0.0028862237168021,-1.17764924497978,-4.78071671106234,-8.2
"37",5,0.0398107170553497,1000,0.01,0.0248300071203824,0.0072782858656512,0.0028862237168021,-1.17764924497978,-4.78071671106234,-8.2
"38",6,0.0398107170553497,1000,0.01,0.0248300071203824,0.0072782858656512,0.0028862237168021,-1.17764924497978,-4.78071671106234,-8.2
"39",7,0.0398107170553497,1000,0.01,0.0248300071203824,0.0072782858656512,0.0028862237168021,-1.17764924497978,-4.78071671106234,-8.2
"40",8,0.0398107170553497,1000,0.01,0.0248300071203824,0.0072782858656512,0.0028862237168021,-1.17764924497978,-4.78071671106234,-8.2
"41",9,0.0398107170553497,1000,0.01,0.0248300071203824,0.0072782858656512,0.0028862237168021,-1.17764924497978,-4.78071671106234,-8.2
"42",10,0.0398107170553497,1000,0.01,0.0248300071203824,0.0072782858656512,0.0028862237168021,-1.17764924497978,-4.78071671106234,-8.2
"43",11,0.0398107170553497,1000,0.01,0.0248300071203824,0.0072782858656512,0.0028862237168021,-1.17764924497978,-4.78071671106234,-8.2
"44",12,0.0398107170553497,1000,0.01,0.0248300071203824,0.0072782858656512,0.0028862237168021,-1.17764924497978,-4.78071671106234,-8.2
"45",13,0.0398107170553497,1000,0.01,0.0248300071203824,0.0072782858656512,0.0028862237168021,-1.17764924497978,-4.78071671106234,-8.2
"46",14,0.0398107170553497,1000,0.01,0.0248300071203824,0.0072782858656512,0.0028862237168021,-1.17764924497978,-4.78071671106234,-8.2
"47",15,0.0398107170553497,1000,0.01,0.0248300071203824,0.0072782858656512,0.0028862237168021,-1.17764924497978,-4.78071671106234,-8.2
"48",16,0.0398107170553497,1000,0.01,0.0248300071203824,0.0072782858656512,0.0028862237168021,-1.17764924497978,-4.78071671106234,-8.2
"49",17,0.0398107170553497,1000,0.01,0.0248300071203824,0.0072782858656512,0.0028862237168021,-1.17764924497978,-4.78071671106234,-8.2
"50",18,0.0398107170553497,1000,0.01,0.0248300071203824,0.0072782858656512,0.0028862237168021,-1.17764924497978,-4.78071671106234,-8.2
"51",19,0.0398107170553497,1000,0.01,0.0248300071203824,0.0072782858656512,0.0028862237168021,-1.17764924497978,-4.78071671106234,-8.2
"52",20,0.0398107170553497,1000,0.01,0.0248300071203824,0.0072782858656512,0.0028862237168021,-1.17764924497978,-4.78071671106234,-8.2
"53",21,0.0398107170553497,1000,0.01,0.0248300071203824,0.0072782858656512,0.0028862237168021,-1.17764924497978,-4.78071671106234,-8.2
"54",22,0.0398107170553497,1000,0.01,0.0248300071203824,0.0072782858656512,0.0028862237168021,-1.17764924497978,-4.78071671106234,-8.2
"55",23,0.0398107170553497,1000,0.01,0.0248300071203824,0.0072782858656512,0.0028862237168021,-1.17764924497978,-4.78071671106234,-8.2
"56",24,0.0398107170553497,1000,0.01,0.0248300071203824,0.0072782858656512,0.0028862237168021,-1.17764924497978,-4.78071671106234,-8.2
"57",25,0.0398107170553497,1000,0.01,0.0248300071203824,0.0072782858656512,0.0028862237168021,-1.17764924497978,-4.78071671106234,-8.2
"58",26,0.0398107170553497,1000,0.01,0.0248300071203824,0.0072782858656512,0.0028862237168021,-1.17764924497978,-4.78071671106234,-8.2
"59",27,0.0398107170553497,1000,0.01,0.0248300071203824,0.0072782858656512,0.0028862237168021,-1.17764924497978,-4.78071671106234,-8.2
"60",28,0.0398107170553497,1000,0.01,0.0248300071203824,0.0072782858656512,0.0028862237168021,-1.17764924497978,-4.78071671106234,-8.2
"61",29,0.0398107170553497,1000,0.01,0.0248300071203824,0.0072782858656512,0.0028862237168021,-1.17764924497978,-4.78071671106234,-8.2
"62",30,0.0398107170553497,1000,0.01,0.0248300071203824,0.0072782858656512,0.0028862237168021,-1.17764924497978,-4.78071671106234,-8.2
"63",0,0.0501187233627272,1000,0.01,0.0295690096253028,0.00959703168055699,0.00378760137062894,-1.16289995006886,-4.50887584528896,-8.2
"64",1,0.0501187233627272,1000,0.01,0.0295690096253028,0.00959703168055699,0.00378760137062894,-1.16289995006886,-4.50887584528896,-8.2
"65",2,0.0501187233627272,1000,0.01,0.0295690096253028,0.00959703168055699,0.00378760137062894,-1.16289995006886,-4.50887584528896,-8.2
"66",3,0.0501187233627272,1000,0.01,0.0295690096253028,0.00959703168055699,0.00378760137062894,-1.16289995006886,-4.50887584528896,-8.2
"67",4,0.0501187233627272,1000,0.01,0.0295690096253028,0.00959703168055699,0.00378760137062894,-1.16289995006886,-4.50887584528896,-8.2
"68",5,0.0501187233627272,1000,0.01,0.0295690096253028,0.00959703168055699,0.00378760137062894,-1.16289995006886,-4.50887584528896,-8.2
"69",6,0.0501187233627272,1000,0.01,0.0295690096253028,0.00959703168055699,0.00378760137062894,-1.16289995006886,-4.50887584528896,-8.2
"70",7,0.0501187233627272,1000,0.01,0.0295690096253028,0.00959703168055699,0.00378760137062894,-1.16289995006886,-4.50887584528896,-8.2
"71",8,0.0501187233627272,1000,0.01,0.0295690096253028,0.00959703168055699,0.00378760137062894,-1.16289995006886,-4.50887584528896,-8.2
"72",9,0.0501187233627272,1000,0.01,0.0295690096253028,0.00959703168055699,0.00378760137062894,-1.16289995006886,-4.50887584528896,-8.2
"73",10,0.0501187233627272,1000,0.01,0.0295690096253028,0.00959703168055699,0.00378760137062894,-1.16289995006886,-4.50887584528896,-8.2
"74",11,0.0501187233627272,1000,0.01,0.0295690096253028,0.00959703168055699,0.00378760137062894,-1.16289995006886,-4.50887584528896,-8.2
"75",12,0.0501187233627272,1000,0.01,0.0295690096253028,0.00959703168055699,0.00378760137062894,-1.16289995006886,-4.50887584528896,-8.2
"76",13,0.0501187233627272,1000,0.01,0.0295690096253028,0.00959703168055699,0.00378760137062894,-1.16289995006886,-4.50887584528896,-8.2
"77",14,0.0501187233627272,1000,0.01,0.0295690096253028,0.00959703168055699,0.00378760137062894,-1.16289995006886,-4.50887584528896,-8.2
"78",15,0.0501187233627272,1000,0.01,0.0295690096253028,0.00959703168055699,0.00378760137062894,-1.16289995006886,-4.50887584528896,-8.2
"79",16,0.0501187233627272,1000,0.01,0.0295690096253028,0.00959703168055699,0.00378760137062894,-1.16289995006886,-4.50887584528896,-8.2
"80",17,0.0501187233627272,1000,0.01,0.0295690096253028,0.00959703168055699,0.00378760137062894,-1.16289995006886,-4.50887584528896,-8.2
"81",18,0.0501187233627272,1000,0.01,0.0295690096253028,0.00959703168055699,0.00378760137062894,-1.16289995006886,-4.50887584528896,-8.2
"82",19,0.0501187233627272,1000,0.01,0.0295690096253028,0.00959703168055699,0.00378760137062894,-1.16289995006886,-4.50887584528896,-8.2
"83",20,0.0501187233627272,1000,0.01,0.0295690096253028,0.00959703168055699,0.00378760137062894,-1.16289995006886,-4.50887584528896,-8.2
"84",21,0.0501187233627272,1000,0.01,0.0295690096253028,0.00959703168055699,0.00378760137062894,-1.16289995006886,-4.50887584528896,-8.2
"85",22,0.0501187233627272,1000,0.01,0.0295690096253028,0.00959703168055699,0.00378760137062894,-1.16289995006886,-4.50887584528896,-8.2
"86",23,0.0501187233627272,1000,0.01,0.0295690096253028,0.00959703168055699,0.00378760137062894,-1.16289995006886,-4.50887584528896,-8.2
"87",24,0.0501187233627272,1000,0.01,0.0295690096253028,0.00959703168055699,0.00378760137062894,-1.16289995006886,-4.50887584528896,-8.2
"88",25,0.0501187233627272,1000,0.01,0.0295690096253028,0.00959703168055699,0.00378760137062894,-1.16289995006886,-4.50887584528896,-8.2
"89",26,0.0501187233627272,1000,0.01,0.0295690096253028,0.00959703168055699,0.00378760137062894,-1.16289995006886,-4.50887584528896,-8.2
"90",27,0.0501187233627272,1000,0.01,0.0295690096253028,0.00959703168055699,0.00378760137062894,-1.16289995006886,-4.50887584528896,-8.2
"91",28,0.0501187233627272,1000,0.01,0.0295690096253028,0.00959703168055699,0.00378760137062894,-1.16289995006886,-4.50887584528896,-8.2
"92",29,0.0501187233627272,1000,0.01,0.0295690096253028,0.00959703168055699,0.00378760137062894,-1.16289995006886,-4.50887584528896,-8.2
"93",30,0.0501187233627272,1000,0.01,0.0295690096253028,0.00959703168055699,0.00378760137062894,-1.16289995006886,-4.50887584528896,-8.2
"94",0,0.0630957344480193,1000,0.01,0.0349542881184366,0.0127447075121805,0.00502399051166517,-1.14605686290376,-4.21284197801292,-8.2
"95",1,0.0630957344480193,1000,0.01,0.0349542881184366,0.0127447075121805,0.00502399051166517,-1.14605686290376,-4.21284197801292,-8.2
"96",2,0.0630957344480193,1000,0.01,0.0349542881184366,0.0127447075121805,0.00502399051166517,-1.14605686290376,-4.21284197801292,-8.2
"97",3,0.0630957344480193,1000,0.01,0.0349542881184366,0.0127447075121805,0.00502399051166517,-1.14605686290376,-4.21284197801292,-8.2
"98",4,0.0630957344480193,1000,0.01,0.0349542881184366,0.0127447075121805,0.00502399051166517,-1.14605686290376,-4.21284197801292,-8.2
"99",5,0.0630957344480193,1000,0.01,0.0349542881184366,0.0127447075121805,0.00502399051166517,-1.14605686290376,-4.21284197801292,-8.2
"100",6,0.0630957344480193,1000,0.01,0.0349542881184366,0.0127447075121805,0.00502399051166517,-1.14605686290376,-4.21284197801292,-8.2
"101",7,0.0630957344480193,1000,0.01,0.0349542881184366,0.0127447075121805,0.00502399051166517,-1.14605686290376,-4.21284197801292,-8.2
"102",8,0.0630957344480193,1000,0.01,0.0349542881184366,0.0127447075121805,0.00502399051166517,-1.14605686290376,-4.21284197801292,-8.2
"103",9,0.0630957344480193,1000,0.01,0.0349542881184366,0.0127447075121805,0.00502399051166517,-1.14605686290376,-4.21284197801292,-8.2
"104",10,0.0630957344480193,1000,0.01,0.0349542881184366,0.0127447075121805,0.00502399051166517,-1.14605686290376,-4.21284197801292,-8.2
"105",11,0.0630957344480193,1000,0.01,0.0349542881184366,0.0127447075121805,0.00502399051166517,-1.14605686290376,-4.21284197801292,-8.2
"106",12,0.0630957344480193,1000,0.01,0.0349542881184366,0.0127447075121805,0.00502399051166517,-1.14605686290376,-4.21284197801292,-8.2
"107",13,0.0630957344480193,1000,0.01,0.0349542881184366,0.0127447075121805,0.00502399051166517,-1.14605686290376,-4.21284197801292,-8.2
"108",14,0.0630957344480193,1000,0.01,0.0349542881184366,0.0127447075121805,0.00502399051166517,-1.14605686290376,-4.21284197801292,-8.2
"109",15,0.0630957344480193,1000,0.01,0.0349542881184366,0.0127447075121805,0.00502399051166517,-1.14605686290376,-4.21284197801292,-8.2
"110",16,0.0630957344480193,1000,0.01,0.0349542881184366,0.0127447075121805,0.00502399051166517,-1.14605686290376,-4.21284197801292,-8.2
"111",17,0.0630957344480193,1000,0.01,0.0349542881184366,0.0127447075121805,0.00502399051166517,-1.14605686290376,-4.21284197801292,-8.2
"112",18,0.0630957344480193,1000,0.01,0.0349542881184366,0.0127447075121805,0.00502399051166517,-1.14605686290376,-4.21284197801292,-8.2
"113",19,0.0630957344480193,1000,0.01,0.0349542881184366,0.0127447075121805,0.00502399051166517,-1.14605686290376,-4.21284197801292,-8.2
"114",20,0.0630957344480193,1000,0.01,0.0349542881184366,0.0127447075121805,0.00502399051166517,-1.14605686290376,-4.21284197801292,-8.2
"115",21,0.0630957344480193,1000,0.01,0.0349542881184366,0.0127447075121805,0.00502399051166517,-1.14605686290376,-4.21284197801292,-8.2
"116",22,0.0630957344480193,1000,0.01,0.0349542881184366,0.0127447075121805,0.00502399051166517,-1.14605686290376,-4.21284197801292,-8.2
"117",23,0.0630957344480193,1000,0.01,0.0349542881184366,0.0127447075121805,0.00502399051166517,-1.14605686290376,-4.21284197801292,-8.2
"118",24,0.0630957344480193,1000,0.01,0.0349542881184366,0.0127447075121805,0.00502399051166517,-1.14605686290376,-4.21284197801292,-8.2
"119",25,0.0630957344480193,1000,0.01,0.0349542881184366,0.0127447075121805,0.00502399051166517,-1.14605686290376,-4.21284197801292,-8.2
"120",26,0.0630957344480193,1000,0.01,0.0349542881184366,0.0127447075121805,0.00502399051166517,-1.14605686290376,-4.21284197801292,-8.2
"121",27,0.0630957344480193,1000,0.01,0.0349542881184366,0.0127447075121805,0.00502399051166517,-1.14605686290376,-4.21284197801292,-8.2
"122",28,0.0630957344480193,1000,0.01,0.0349542881184366,0.0127447075121805,0.00502399051166517,-1.14605686290376,-4.21284197801292,-8.2
"123",29,0.0630957344480193,1000,0.01,0.0349542881184366,0.0127447075121805,0.00502399051166517,-1.14605686290376,-4.21284197801292,-8.2
"124",30,0.0630957344480193,1000,0.01,0.0349542881184366,0.0127447075121805,0.00502399051166517,-1.14605686290376,-4.21284197801292,-8.2
"125",0,0.0794328234724281,1000,0.01,0.0409505626301456,0.0170245019776056,0.00673919696710702,-1.1270618189278,-3.89273275965238,-8.2
"126",1,0.0794328234724281,1000,0.01,0.0409505626301456,0.0170245019776056,0.00673919696710702,-1.1270618189278,-3.89273275965238,-8.2
"127",2,0.0794328234724281,1000,0.01,0.0409505626301456,0.0170245019776056,0.00673919696710702,-1.1270618189278,-3.89273275965238,-8.2
"128",3,0.0794328234724281,1000,0.01,0.0409505626301456,0.0170245019776056,0.00673919696710702,-1.1270618189278,-3.89273275965238,-8.2
"129",4,0.0794328234724281,1000,0.01,0.0409505626301456,0.0170245019776056,0.00673919696710702,-1.1270618189278,-3.89273275965238,-8.2
"130",5,0.0794328234724281,1000,0.01,0.0409505626301456,0.0170245019776056,0.00673919696710702,-1.1270618189278,-3.89273275965238,-8.2
"131",6,0.0794328234724281,1000,0.01,0.0409505626301456,0.0170245019776056,0.00673919696710702,-1.1270618189278,-3.89273275965238,-8.2
"132",7,0.0794328234724281,1000,0.01,0.0409505626301456,0.0170245019776056,0.00673919696710702,-1.1270618189278,-3.89273275965238,-8.2
"133",8,0.0794328234724281,1000,0.01,0.0409505626301456,0.0170245019776056,0.00673919696710702,-1.1270618189278,-3.89273275965238,-8.2
"134",9,0.0794328234724281,1000,0.01,0.0409505626301456,0.0170245019776056,0.00673919696710702,-1.1270618189278,-3.89273275965238,-8.2
"135",10,0.0794328234724281,1000,0.01,0.0409505626301456,0.0170245019776056,0.00673919696710702,-1.1270618189278,-3.89273275965238,-8.2
"136",11,0.0794328234724281,1000,0.01,0.0409505626301456,0.0170245019776056,0.00673919696710702,-1.1270618189278,-3.89273275965238,-8.2
"137",12,0.0794328234724281,1000,0.01,0.0409505626301456,0.0170245019776056,0.00673919696710702,-1.1270618189278,-3.89273275965238,-8.2
"138",13,0.0794328234724281,1000,0.01,0.0409505626301456,0.0170245019776056,0.00673919696710702,-1.1270618189278,-3.89273275965238,-8.2
"139",14,0.0794328234724281,1000,0.01,0.0409505626301456,0.0170245019776056,0.00673919696710702,-1.1270618189278,-3.89273275965238,-8.2
"140",15,0.0794328234724281,1000,0.01,0.0409505626301456,0.0170245019776056,0.00673919696710702,-1.1270618189278,-3.89273275965238,-8.2
"141",16,0.0794328234724281,1000,0.01,0.0409505626301456,0.0170245019776056,0.00673919696710702,-1.1270618189278,-3.89273275965238,-8.2
"142",17,0.0794328234724281,1000,0.01,0.0409505626301456,0.0170245019776056,0.00673919696710702,-1.1270618189278,-3.89273275965238,-8.2
"143",18,0.0794328234724281,1000,0.01,0.0409505626301456,0.0170245019776056,0.00673919696710702,-1.1270618189278,-3.89273275965238,-8.2
"144",19,0.0794328234724281,1000,0.01,0.0409505626301456,0.0170245019776056,0.00673919696710702,-1.1270618189278,-3.89273275965238,-8.2
"145",20,0.0794328234724281,1000,0.01,0.0409505626301456,0.0170245019776056,0.00673919696710702,-1.1270618189278,-3.89273275965238,-8.2
"146",21,0.0794328234724281,1000,0.01,0.0409505626301456,0.0170245019776056,0.00673919696710702,-1.1270618189278,-3.89273275965238,-8.2
"147",22,0.0794328234724281,1000,0.01,0.0409505626301456,0.0170245019776056,0.00673919696710702,-1.1270618189278,-3.89273275965238,-8.2
"148",23,0.0794328234724281,1000,0.01,0.0409505626301456,0.0170245019776056,0.00673919696710702,-1.1270618189278,-3.89273275965238,-8.2
"149",24,0.0794328234724281,1000,0.01,0.0409505626301456,0.0170245019776056,0.00673919696710702,-1.1270618189278,-3.89273275965238,-8.2
"150",25,0.0794328234724281,1000,0.01,0.0409505626301456,0.0170245019776056,0.00673919696710702,-1.1270618189278,-3.89273275965238,-8.2
"151",26,0.0794328234724281,1000,0.01,0.0409505626301456,0.0170245019776056,0.00673919696710702,-1.1270618189278,-3.89273275965238,-8.2
"152",27,0.0794328234724281,1000,0.01,0.0409505626301456,0.0170245019776056,0.00673919696710702,-1.1270618189278,-3.89273275965238,-8.2
"153",28,0.0794328234724281,1000,0.01,0.0409505626301456,0.0170245019776056,0.00673919696710702,-1.1270618189278,-3.89273275965238,-8.2
"154",29,0.0794328234724281,1000,0.01,0.0409505626301456,0.0170245019776056,0.00673919696710702,-1.1270618189278,-3.89273275965238,-8.2
"155",30,0.0794328234724281,1000,0.01,0.0409505626301456,0.0170245019776056,0.00673919696710702,-1.1270618189278,-3.89273275965238,-8.2
"156",0,0.1,1000,0.01,0.0474561160629893,0.0228330863448423,0.00914362106459653,-1.10590919084062,-3.54950672345344,-8.2
"157",1,0.1,1000,0.01,0.0474561160629893,0.0228330863448423,0.00914362106459653,-1.10590919084062,-3.54950672345344,-8.2
"158",2,0.1,1000,0.01,0.0474561160629893,0.0228330863448423,0.00914362106459653,-1.10590919084062,-3.54950672345344,-8.2
"159",3,0.1,1000,0.01,0.0474561160629893,0.0228330863448423,0.00914362106459653,-1.10590919084062,-3.54950672345344,-8.2
"160",4,0.1,1000,0.01,0.0474561160629893,0.0228330863448423,0.00914362106459653,-1.10590919084062,-3.54950672345344,-8.2
"161",5,0.1,1000,0.01,0.0474561160629893,0.0228330863448423,0.00914362106459653,-1.10590919084062,-3.54950672345344,-8.2
"162",6,0.1,1000,0.01,0.0474561160629893,0.0228330863448423,0.00914362106459653,-1.10590919084062,-3.54950672345344,-8.2
"163",7,0.1,1000,0.01,0.0474561160629893,0.0228330863448423,0.00914362106459653,-1.10590919084062,-3.54950672345344,-8.2
"164",8,0.1,1000,0.01,0.0474561160629893,0.0228330863448423,0.00914362106459653,-1.10590919084062,-3.54950672345344,-8.2
"165",9,0.1,1000,0.01,0.0474561160629893,0.0228330863448423,0.00914362106459653,-1.10590919084062,-3.54950672345344,-8.2
"166",10,0.1,1000,0.01,0.0474561160629893,0.0228330863448423,0.00914362106459653,-1.10590919084062,-3.54950672345344,-8.2
"167",11,0.1,1000,0.01,0.0474561160629893,0.0228330863448423,0.00914362106459653,-1.10590919084062,-3.54950672345344,-8.2
"168",12,0.1,1000,0.01,0.0474561160629893,0.0228330863448423,0.00914362106459653,-1.10590919084062,-3.54950672345344,-8.2
"169",13,0.1,1000,0.01,0.0474561160629893,0.0228330863448423,0.00914362106459653,-1.10590919084062,-3.54950672345344,-8.2
"170",14,0.1,1000,0.01,0.0474561160629893,0.0228330863448423,0.00914362106459653,-1.10590919084062,-3.54950672345344,-8.2
"171",15,0.1,1000,0.01,0.0474561160629893,0.0228330863448423,0.00914362106459653,-1.10590919084062,-3.54950672345344,-8.2
"172",16,0.1,1000,0.01,0.0474561160629893,0.0228330863448423,0.00914362106459653,-1.10590919084062,-3.54950672345344,-8.2
"173",17,0.1,1000,0.01,0.0474561160629893,0.0228330863448423,0.00914362106459653,-1.10590919084062,-3.54950672345344,-8.2
"174",18,0.1,1000,0.01,0.0474561160629893,0.0228330863448423,0.00914362106459653,-1.10590919084062,-3.54950672345344,-8.2
"175",19,0.1,1000,0.01,0.0474561160629893,0.0228330863448423,0.00914362106459653,-1.10590919084062,-3.54950672345344,-8.2
"176",20,0.1,1000,0.01,0.0474561160629893,0.0228330863448423,0.00914362106459653,-1.10590919084062,-3.54950672345344,-8.2
"177",21,0.1,1000,0.01,0.0474561160629893,0.0228330863448423,0.00914362106459653,-1.10590919084062,-3.54950672345344,-8.2
"178",22,0.1,1000,0.01,0.0474561160629893,0.0228330863448423,0.00914362106459653,-1.10590919084062,-3.54950672345344,-8.2
"179",23,0.1,1000,0.01,0.0474561160629893,0.0228330863448423,0.00914362106459653,-1.10590919084062,-3.54950672345344,-8.2
"180",24,0.1,1000,0.01,0.0474561160629893,0.0228330863448423,0.00914362106459653,-1.10590919084062,-3.54950672345344,-8.2
"181",25,0.1,1000,0.01,0.0474561160629893,0.0228330863448423,0.00914362106459653,-1.10590919084062,-3.54950672345344,-8.2
"182",26,0.1,1000,0.01,0.0474561160629893,0.0228330863448423,0.00914362106459653,-1.10590919084062,-3.54950672345344,-8.2
"183",27,0.1,1000,0.01,0.0474561160629893,0.0228330863448423,0.00914362106459653,-1.10590919084062,-3.54950672345344,-8.2
"184",28,0.1,1000,0.01,0.0474561160629893,0.0228330863448423,0.00914362106459653,-1.10590919084062,-3.54950672345344,-8.2
"185",29,0.1,1000,0.01,0.0474561160629893,0.0228330863448423,0.00914362106459653,-1.10590919084062,-3.54950672345344,-8.2
"186",30,0.1,1000,0.01,0.0474561160629893,0.0228330863448423,0.00914362106459653,-1.10590919084062,-3.54950672345344,-8.2
"187",0,0.125892541179417,1000,0.01,0.0542835267805691,0.0306702076374524,0.0125452293537172,-1.08265044656244,-3.18500719583962,-8.1
"188",1,0.125892541179417,1000,0.01,0.0542835267805691,0.0306702076374524,0.0125452293537172,-1.08265044656244,-3.18500719583962,-8.1
"189",2,0.125892541179417,1000,0.01,0.0542835267805691,0.0306702076374524,0.0125452293537172,-1.08265044656244,-3.18500719583962,-8.1
"190",3,0.125892541179417,1000,0.01,0.0542835267805691,0.0306702076374524,0.0125452293537172,-1.08265044656244,-3.18500719583962,-8.1
"191",4,0.125892541179417,1000,0.01,0.0542835267805691,0.0306702076374524,0.0125452293537172,-1.08265044656244,-3.18500719583962,-8.1
"192",5,0.125892541179417,1000,0.01,0.0542835267805691,0.0306702076374524,0.0125452293537172,-1.08265044656244,-3.18500719583962,-8.1
"193",6,0.125892541179417,1000,0.01,0.0542835267805691,0.0306702076374524,0.0125452293537172,-1.08265044656244,-3.18500719583962,-8.1
"194",7,0.125892541179417,1000,0.01,0.0542835267805691,0.0306702076374524,0.0125452293537172,-1.08265044656244,-3.18500719583962,-8.1
"195",8,0.125892541179417,1000,0.01,0.0542835267805691,0.0306702076374524,0.0125452293537172,-1.08265044656244,-3.18500719583962,-8.1
"196",9,0.125892541179417,1000,0.01,0.0542835267805691,0.0306702076374524,0.0125452293537172,-1.08265044656244,-3.18500719583962,-8.1
"197",10,0.125892541179417,1000,0.01,0.0542835267805691,0.0306702076374524,0.0125452293537172,-1.08265044656244,-3.18500719583962,-8.1
"198",11,0.125892541179417,1000,0.01,0.0542835267805691,0.0306702076374524,0.0125452293537172,-1.08265044656244,-3.18500719583962,-8.1
"199",12,0.125892541179417,1000,0.01,0.0542835267805691,0.0306702076374524,0.0125452293537172,-1.08265044656244,-3.18500719583962,-8.1
"200",13,0.125892541179417,1000,0.01,0.0542835267805691,0.0306702076374524,0.0125452293537172,-1.08265044656244,-3.18500719583962,-8.1
"201",14,0.125892541179417,1000,0.01,0.0542835267805691,0.0306702076374524,0.0125452293537172,-1.08265044656244,-3.18500719583962,-8.1
"202",15,0.125892541179417,1000,0.01,0.0542835267805691,0.0306702076374524,0.0125452293537172,-1.08265044656244,-3.18500719583962,-8.1
"203",16,0.125892541179417,1000,0.01,0.0542835267805691,0.0306702076374524,0.0125452293537172,-1.08265044656244,-3.18500719583962,-8.1
"204",17,0.125892541179417,1000,0.01,0.0542835267805691,0.0306702076374524,0.0125452293537172,-1.08265044656244,-3.18500719583962,-8.1
"205",18,0.125892541179417,1000,0.01,0.0542835267805691,0.0306702076374524,0.0125452293537172,-1.08265044656244,-3.18500719583962,-8.1
"206",19,0.125892541179417,1000,0.01,0.0542835267805691,0.0306702076374524,0.0125452293537172,-1.08265044656244,-3.18500719583962,-8.1
"207",20,0.125892541179417,1000,0.01,0.0542835267805691,0.0306702076374524,0.0125452293537172,-1.08265044656244,-3.18500719583962,-8.1
"208",21,0.125892541179417,1000,0.01,0.0542835267805691,0.0306702076374524,0.0125452293537172,-1.08265044656244,-3.18500719583962,-8.1
"209",22,0.125892541179417,1000,0.01,0.0542835267805691,0.0306702076374524,0.0125452293537172,-1.08265044656244,-3.18500719583962,-8.1
"210",23,0.125892541179417,1000,0.01,0.0542835267805691,0.0306702076374524,0.0125452293537172,-1.08265044656244,-3.18500719583962,-8.1
"211",24,0.125892541179417,1000,0.01,0.0542835267805691,0.0306702076374524,0.0125452293537172,-1.08265044656244,-3.18500719583962,-8.1
"212",25,0.125892541179417,1000,0.01,0.0542835267805691,0.0306702076374524,0.0125452293537172,-1.08265044656244,-3.18500719583962,-8.1
"213",26,0.125892541179417,1000,0.01,0.0542835267805691,0.0306702076374524,0.0125452293537172,-1.08265044656244,-3.18500719583962,-8.1
"214",27,0.125892541179417,1000,0.01,0.0542835267805691,0.0306702076374524,0.0125452293537172,-1.08265044656244,-3.18500719583962,-8.1
"215",28,0.125892541179417,1000,0.01,0.0542835267805691,0.0306702076374524,0.0125452293537172,-1.08265044656244,-3.18500719583962,-8.1
"216",29,0.125892541179417,1000,0.01,0.0542835267805691,0.0306702076374524,0.0125452293537172,-1.08265044656244,-3.18500719583962,-8.1
"217",30,0.125892541179417,1000,0.01,0.0542835267805691,0.0306702076374524,0.0125452293537172,-1.08265044656244,-3.18500719583962,-8.1
"218",0,0.158489319246111,1000,0.01,0.0611478429472522,0.0411322928590677,0.0173939173244044,-1.05739940739004,-2.80198924594842,-8.1
"219",1,0.158489319246111,1000,0.01,0.0611478429472522,0.0411322928590677,0.0173939173244044,-1.05739940739004,-2.80198924594842,-8.1
"220",2,0.158489319246111,1000,0.01,0.0611478429472522,0.0411322928590677,0.0173939173244044,-1.05739940739004,-2.80198924594842,-8.1
"221",3,0.158489319246111,1000,0.01,0.0611478429472522,0.0411322928590677,0.0173939173244044,-1.05739940739004,-2.80198924594842,-8.1
"222",4,0.158489319246111,1000,0.01,0.0611478429472522,0.0411322928590677,0.0173939173244044,-1.05739940739004,-2.80198924594842,-8.1
"223",5,0.158489319246111,1000,0.01,0.0611478429472522,0.0411322928590677,0.0173939173244044,-1.05739940739004,-2.80198924594842,-8.1
"224",6,0.158489319246111,1000,0.01,0.0611478429472522,0.0411322928590677,0.0173939173244044,-1.05739940739004,-2.80198924594842,-8.1
"225",7,0.158489319246111,1000,0.01,0.0611478429472522,0.0411322928590677,0.0173939173244044,-1.05739940739004,-2.80198924594842,-8.1
"226",8,0.158489319246111,1000,0.01,0.0611478429472522,0.0411322928590677,0.0173939173244044,-1.05739940739004,-2.80198924594842,-8.1
"227",9,0.158489319246111,1000,0.01,0.0611478429472522,0.0411322928590677,0.0173939173244044,-1.05739940739004,-2.80198924594842,-8.1
"228",10,0.158489319246111,1000,0.01,0.0611478429472522,0.0411322928590677,0.0173939173244044,-1.05739940739004,-2.80198924594842,-8.1
"229",11,0.158489319246111,1000,0.01,0.0611478429472522,0.0411322928590677,0.0173939173244044,-1.05739940739004,-2.80198924594842,-8.1
"230",12,0.158489319246111,1000,0.01,0.0611478429472522,0.0411322928590677,0.0173939173244044,-1.05739940739004,-2.80198924594842,-8.1
"231",13,0.158489319246111,1000,0.01,0.0611478429472522,0.0411322928590677,0.0173939173244044,-1.05739940739004,-2.80198924594842,-8.1
"232",14,0.158489319246111,1000,0.01,0.0611478429472522,0.0411322928590677,0.0173939173244044,-1.05739940739004,-2.80198924594842,-8.1
"233",15,0.158489319246111,1000,0.01,0.0611478429472522,0.0411322928590677,0.0173939173244044,-1.05739940739004,-2.80198924594842,-8.1
"234",16,0.158489319246111,1000,0.01,0.0611478429472522,0.0411322928590677,0.0173939173244044,-1.05739940739004,-2.80198924594842,-8.1
"235",17,0.158489319246111,1000,0.01,0.0611478429472522,0.0411322928590677,0.0173939173244044,-1.05739940739004,-2.80198924594842,-8.1
"236",18,0.158489319246111,1000,0.01,0.0611478429472522,0.0411322928590677,0.0173939173244044,-1.05739940739004,-2.80198924594842,-8.1
"237",19,0.158489319246111,1000,0.01,0.0611478429472522,0.0411322928590677,0.0173939173244044,-1.05739940739004,-2.80198924594842,-8.1
"238",20,0.158489319246111,1000,0.01,0.0611478429472522,0.0411322928590677,0.0173939173244044,-1.05739940739004,-2.80198924594842,-8.1
"239",21,0.158489319246111,1000,0.01,0.0611478429472522,0.0411322928590677,0.0173939173244044,-1.05739940739004,-2.80198924594842,-8.1
"240",22,0.158489319246111,1000,0.01,0.0611478429472522,0.0411322928590677,0.0173939173244044,-1.05739940739004,-2.80198924594842,-8.1
"241",23,0.158489319246111,1000,0.01,0.0611478429472522,0.0411322928590677,0.0173939173244044,-1.05739940739004,-2.80198924594842,-8.1
"242",24,0.158489319246111,1000,0.01,0.0611478429472522,0.0411322928590677,0.0173939173244044,-1.05739940739004,-2.80198924594842,-8.1
"243",25,0.158489319246111,1000,0.01,0.0611478429472522,0.0411322928590677,0.0173939173244044,-1.05739940739004,-2.80198924594842,-8.1
"244",26,0.158489319246111,1000,0.01,0.0611478429472522,0.0411322928590677,0.0173939173244044,-1.05739940739004,-2.80198924594842,-8.1
"245",27,0.158489319246111,1000,0.01,0.0611478429472522,0.0411322928590677,0.0173939173244044,-1.05739940739004,-2.80198924594842,-8.1
"246",28,0.158489319246111,1000,0.01,0.0611478429472522,0.0411322928590677,0.0173939173244044,-1.05739940739004,-2.80198924594842,-8.1
"247",29,0.158489319246111,1000,0.01,0.0611478429472522,0.0411322928590677,0.0173939173244044,-1.05739940739004,-2.80198924594842,-8.1
"248",30,0.158489319246111,1000,0.01,0.0611478429472522,0.0411322928590677,0.0173939173244044,-1.05739940739004,-2.80198924594842,-8.1
"249",0,0.199526231496888,1000,0.01,0.0676723944651035,0.0548763194827854,0.0243439138164977,-1.03034218921245,-2.40416852065244,-8.1
"250",1,0.199526231496888,1000,0.01,0.0676723944651035,0.0548763194827854,0.0243439138164977,-1.03034218921245,-2.40416852065244,-8.1
"251",2,0.199526231496888,1000,0.01,0.0676723944651035,0.0548763194827854,0.0243439138164977,-1.03034218921245,-2.40416852065244,-8.1
"252",3,0.199526231496888,1000,0.01,0.0676723944651035,0.0548763194827854,0.0243439138164977,-1.03034218921245,-2.40416852065244,-8.1
"253",4,0.199526231496888,1000,0.01,0.0676723944651035,0.0548763194827854,0.0243439138164977,-1.03034218921245,-2.40416852065244,-8.1
"254",5,0.199526231496888,1000,0.01,0.0676723944651035,0.0548763194827854,0.0243439138164977,-1.03034218921245,-2.40416852065244,-8.1
"255",6,0.199526231496888,1000,0.01,0.0676723944651035,0.0548763194827854,0.0243439138164977,-1.03034218921245,-2.40416852065244,-8.1
"256",7,0.199526231496888,1000,0.01,0.0676723944651035,0.0548763194827854,0.0243439138164977,-1.03034218921245,-2.40416852065244,-8.1
"257",8,0.199526231496888,1000,0.01,0.0676723944651035,0.0548763194827854,0.0243439138164977,-1.03034218921245,-2.40416852065244,-8.1
"258",9,0.199526231496888,1000,0.01,0.0676723944651035,0.0548763194827854,0.0243439138164977,-1.03034218921245,-2.40416852065244,-8.1
"259",10,0.199526231496888,1000,0.01,0.0676723944651035,0.0548763194827854,0.0243439138164977,-1.03034218921245,-2.40416852065244,-8.1
"260",11,0.199526231496888,1000,0.01,0.0676723944651035,0.0548763194827854,0.0243439138164977,-1.03034218921245,-2.40416852065244,-8.1
"261",12,0.199526231496888,1000,0.01,0.0676723944651035,0.0548763194827854,0.0243439138164977,-1.03034218921245,-2.40416852065244,-8.1
"262",13,0.199526231496888,1000,0.01,0.0676723944651035,0.0548763194827854,0.0243439138164977,-1.03034218921245,-2.40416852065244,-8.1
"263",14,0.199526231496888,1000,0.01,0.0676723944651035,0.0548763194827854,0.0243439138164977,-1.03034218921245,-2.40416852065244,-8.1
"264",15,0.199526231496888,1000,0.01,0.0676723944651035,0.0548763194827854,0.0243439138164977,-1.03034218921245,-2.40416852065244,-8.1
"265",16,0.199526231496888,1000,0.01,0.0676723944651035,0.0548763194827854,0.0243439138164977,-1.03034218921245,-2.40416852065244,-8.1
"266",17,0.199526231496888,1000,0.01,0.0676723944651035,0.0548763194827854,0.0243439138164977,-1.03034218921245,-2.40416852065244,-8.1
"267",18,0.199526231496888,1000,0.01,0.0676723944651035,0.0548763194827854,0.0243439138164977,-1.03034218921245,-2.40416852065244,-8.1
"268",19,0.199526231496888,1000,0.01,0.0676723944651035,0.0548763194827854,0.0243439138164977,-1.03034218921245,-2.40416852065244,-8.1
"269",20,0.199526231496888,1000,0.01,0.0676723944651035,0.0548763194827854,0.0243439138164977,-1.03034218921245,-2.40416852065244,-8.1
"270",21,0.199526231496888,1000,0.01,0.0676723944651035,0.0548763194827854,0.0243439138164977,-1.03034218921245,-2.40416852065244,-8.1
"271",22,0.199526231496888,1000,0.01,0.0676723944651035,0.0548763194827854,0.0243439138164977,-1.03034218921245,-2.40416852065244,-8.1
"272",23,0.199526231496888,1000,0.01,0.0676723944651035,0.0548763194827854,0.0243439138164977,-1.03034218921245,-2.40416852065244,-8.1
"273",24,0.199526231496888,1000,0.01,0.0676723944651035,0.0548763194827854,0.0243439138164977,-1.03034218921245,-2.40416852065244,-8.1
"274",25,0.199526231496888,1000,0.01,0.0676723944651035,0.0548763194827854,0.0243439138164977,-1.03034218921245,-2.40416852065244,-8.1
"275",26,0.199526231496888,1000,0.01,0.0676723944651035,0.0548763194827854,0.0243439138164977,-1.03034218921245,-2.40416852065244,-8.1
"276",27,0.199526231496888,1000,0.01,0.0676723944651035,0.0548763194827854,0.0243439138164977,-1.03034218921245,-2.40416852065244,-8.1
"277",28,0.199526231496888,1000,0.01,0.0676723944651035,0.0548763194827854,0.0243439138164977,-1.03034218921245,-2.40416852065244,-8.1
"278",29,0.199526231496888,1000,0.01,0.0676723944651035,0.0548763194827854,0.0243439138164977,-1.03034218921245,-2.40416852065244,-8.1
"279",30,0.199526231496888,1000,0.01,0.0676723944651035,0.0548763194827854,0.0243439138164977,-1.03034218921245,-2.40416852065244,-8.1
"280",0,0.251188643150958,1000,0.01,0.0734238776547882,0.0725384486963343,0.0343394477348344,-1.00175635104957,-1.99633485397173,-8
"281",1,0.251188643150958,1000,0.01,0.0734238776547882,0.0725384486963343,0.0343394477348344,-1.00175635104957,-1.99633485397173,-8
"282",2,0.251188643150958,1000,0.01,0.0734238776547882,0.0725384486963343,0.0343394477348344,-1.00175635104957,-1.99633485397173,-8
"283",3,0.251188643150958,1000,0.01,0.0734238776547882,0.0725384486963343,0.0343394477348344,-1.00175635104957,-1.99633485397173,-8
"284",4,0.251188643150958,1000,0.01,0.0734238776547882,0.0725384486963343,0.0343394477348344,-1.00175635104957,-1.99633485397173,-8
"285",5,0.251188643150958,1000,0.01,0.0734238776547882,0.0725384486963343,0.0343394477348344,-1.00175635104957,-1.99633485397173,-8
"286",6,0.251188643150958,1000,0.01,0.0734238776547882,0.0725384486963343,0.0343394477348344,-1.00175635104957,-1.99633485397173,-8
"287",7,0.251188643150958,1000,0.01,0.0734238776547882,0.0725384486963343,0.0343394477348344,-1.00175635104957,-1.99633485397173,-8
"288",8,0.251188643150958,1000,0.01,0.0734238776547882,0.0725384486963343,0.0343394477348344,-1.00175635104957,-1.99633485397173,-8
"289",9,0.251188643150958,1000,0.01,0.0734238776547882,0.0725384486963343,0.0343394477348344,-1.00175635104957,-1.99633485397173,-8
"290",10,0.251188643150958,1000,0.01,0.0734238776547882,0.0725384486963343,0.0343394477348344,-1.00175635104957,-1.99633485397173,-8
"291",11,0.251188643150958,1000,0.01,0.0734238776547882,0.0725384486963343,0.0343394477348344,-1.00175635104957,-1.99633485397173,-8
"292",12,0.251188643150958,1000,0.01,0.0734238776547882,0.0725384486963343,0.0343394477348344,-1.00175635104957,-1.99633485397173,-8
"293",13,0.251188643150958,1000,0.01,0.0734238776547882,0.0725384486963343,0.0343394477348344,-1.00175635104957,-1.99633485397173,-8
"294",14,0.251188643150958,1000,0.01,0.0734238776547882,0.0725384486963343,0.0343394477348344,-1.00175635104957,-1.99633485397173,-8
"295",15,0.251188643150958,1000,0.01,0.0734238776547882,0.0725384486963343,0.0343394477348344,-1.00175635104957,-1.99633485397173,-8
"296",16,0.251188643150958,1000,0.01,0.0734238776547882,0.0725384486963343,0.0343394477348344,-1.00175635104957,-1.99633485397173,-8
"297",17,0.251188643150958,1000,0.01,0.0734238776547882,0.0725384486963343,0.0343394477348344,-1.00175635104957,-1.99633485397173,-8
"298",18,0.251188643150958,1000,0.01,0.0734238776547882,0.0725384486963343,0.0343394477348344,-1.00175635104957,-1.99633485397173,-8
"299",19,0.251188643150958,1000,0.01,0.0734238776547882,0.0725384486963343,0.0343394477348344,-1.00175635104957,-1.99633485397173,-8
"300",20,0.251188643150958,1000,0.01,0.0734238776547882,0.0725384486963343,0.0343394477348344,-1.00175635104957,-1.99633485397173,-8
"301",21,0.251188643150958,1000,0.01,0.0734238776547882,0.0725384486963343,0.0343394477348344,-1.00175635104957,-1.99633485397173,-8
"302",22,0.251188643150958,1000,0.01,0.0734238776547882,0.0725384486963343,0.0343394477348344,-1.00175635104957,-1.99633485397173,-8
"303",23,0.251188643150958,1000,0.01,0.0734238776547882,0.0725384486963343,0.0343394477348344,-1.00175635104957,-1.99633485397173,-8
"304",24,0.251188643150958,1000,0.01,0.0734238776547882,0.0725384486963343,0.0343394477348344,-1.00175635104957,-1.99633485397173,-8
"305",25,0.251188643150958,1000,0.01,0.0734238776547882,0.0725384486963343,0.0343394477348344,-1.00175635104957,-1.99633485397173,-8
"306",26,0.251188643150958,1000,0.01,0.0734238776547882,0.0725384486963343,0.0343394477348344,-1.00175635104957,-1.99633485397173,-8
"307",27,0.251188643150958,1000,0.01,0.0734238776547882,0.0725384486963343,0.0343394477348344,-1.00175635104957,-1.99633485397173,-8
"308",28,0.251188643150958,1000,0.01,0.0734238776547882,0.0725384486963343,0.0343394477348344,-1.00175635104957,-1.99633485397173,-8
"309",29,0.251188643150958,1000,0.01,0.0734238776547882,0.0725384486963343,0.0343394477348344,-1.00175635104957,-1.99633485397173,-8
"310",30,0.251188643150958,1000,0.01,0.0734238776547882,0.0725384486963343,0.0343394477348344,-1.00175635104957,-1.99633485397173,-8
"311",0,0.316227766016838,1000,0.01,0.0779837827960567,0.0945971658858976,0.0487285222786095,-0.972042057559253,-1.58455411202691,-8
"312",1,0.316227766016838,1000,0.01,0.0779837827960567,0.0945971658858976,0.0487285222786095,-0.972042057559253,-1.58455411202691,-8
"313",2,0.316227766016838,1000,0.01,0.0779837827960567,0.0945971658858976,0.0487285222786095,-0.972042057559253,-1.58455411202691,-8
"314",3,0.316227766016838,1000,0.01,0.0779837827960567,0.0945971658858976,0.0487285222786095,-0.972042057559253,-1.58455411202691,-8
"315",4,0.316227766016838,1000,0.01,0.0779837827960567,0.0945971658858976,0.0487285222786095,-0.972042057559253,-1.58455411202691,-8
"316",5,0.316227766016838,1000,0.01,0.0779837827960567,0.0945971658858976,0.0487285222786095,-0.972042057559253,-1.58455411202691,-8
"317",6,0.316227766016838,1000,0.01,0.0779837827960567,0.0945971658858976,0.0487285222786095,-0.972042057559253,-1.58455411202691,-8
"318",7,0.316227766016838,1000,0.01,0.0779837827960567,0.0945971658858976,0.0487285222786095,-0.972042057559253,-1.58455411202691,-8
"319",8,0.316227766016838,1000,0.01,0.0779837827960567,0.0945971658858976,0.0487285222786095,-0.972042057559253,-1.58455411202691,-8
"320",9,0.316227766016838,1000,0.01,0.0779837827960567,0.0945971658858976,0.0487285222786095,-0.972042057559253,-1.58455411202691,-8
"321",10,0.316227766016838,1000,0.01,0.0779837827960567,0.0945971658858976,0.0487285222786095,-0.972042057559253,-1.58455411202691,-8
"322",11,0.316227766016838,1000,0.01,0.0779837827960567,0.0945971658858976,0.0487285222786095,-0.972042057559253,-1.58455411202691,-8
"323",12,0.316227766016838,1000,0.01,0.0779837827960567,0.0945971658858976,0.0487285222786095,-0.972042057559253,-1.58455411202691,-8
"324",13,0.316227766016838,1000,0.01,0.0779837827960567,0.0945971658858976,0.0487285222786095,-0.972042057559253,-1.58455411202691,-8
"325",14,0.316227766016838,1000,0.01,0.0779837827960567,0.0945971658858976,0.0487285222786095,-0.972042057559253,-1.58455411202691,-8
"326",15,0.316227766016838,1000,0.01,0.0779837827960567,0.0945971658858976,0.0487285222786095,-0.972042057559253,-1.58455411202691,-8
"327",16,0.316227766016838,1000,0.01,0.0779837827960567,0.0945971658858976,0.0487285222786095,-0.972042057559253,-1.58455411202691,-8
"328",17,0.316227766016838,1000,0.01,0.0779837827960567,0.0945971658858976,0.0487285222786095,-0.972042057559253,-1.58455411202691,-8
"329",18,0.316227766016838,1000,0.01,0.0779837827960567,0.0945971658858976,0.0487285222786095,-0.972042057559253,-1.58455411202691,-8
"330",19,0.316227766016838,1000,0.01,0.0779837827960567,0.0945971658858976,0.0487285222786095,-0.972042057559253,-1.58455411202691,-8
"331",20,0.316227766016838,1000,0.01,0.0779837827960567,0.0945971658858976,0.0487285222786095,-0.972042057559253,-1.58455411202691,-8
"332",21,0.316227766016838,1000,0.01,0.0779837827960567,0.0945971658858976,0.0487285222786095,-0.972042057559253,-1.58455411202691,-8
"333",22,0.316227766016838,1000,0.01,0.0779837827960567,0.0945971658858976,0.0487285222786095,-0.972042057559253,-1.58455411202691,-8
"334",23,0.316227766016838,1000,0.01,0.0779837827960567,0.0945971658858976,0.0487285222786095,-0.972042057559253,-1.58455411202691,-8
"335",24,0.316227766016838,1000,0.01,0.0779837827960567,0.0945971658858976,0.0487285222786095,-0.972042057559253,-1.58455411202691,-8
"336",25,0.316227766016838,1000,0.01,0.0779837827960567,0.0945971658858976,0.0487285222786095,-0.972042057559253,-1.58455411202691,-8
"337",26,0.316227766016838,1000,0.01,0.0779837827960567,0.0945971658858976,0.0487285222786095,-0.972042057559253,-1.58455411202691,-8
"338",27,0.316227766016838,1000,0.01,0.0779837827960567,0.0945971658858976,0.0487285222786095,-0.972042057559253,-1.58455411202691,-8
"339",28,0.316227766016838,1000,0.01,0.0779837827960567,0.0945971658858976,0.0487285222786095,-0.972042057559253,-1.58455411202691,-8
"340",29,0.316227766016838,1000,0.01,0.0779837827960567,0.0945971658858976,0.0487285222786095,-0.972042057559253,-1.58455411202691,-8
"341",30,0.316227766016838,1000,0.01,0.0779837827960567,0.0945971658858976,0.0487285222786095,-0.972042057559253,-1.58455411202691,-8
"342",0,0.398107170553497,1000,0.01,0.0810486014271444,0.121188033531551,0.0694072919252132,-0.941761928886817,-1.17642116007988,-7.9
"343",1,0.398107170553497,1000,0.01,0.0810486014271444,0.121188033531551,0.0694072919252132,-0.941761928886817,-1.17642116007988,-7.9
"344",2,0.398107170553497,1000,0.01,0.0810486014271444,0.121188033531551,0.0694072919252132,-0.941761928886817,-1.17642116007988,-7.9
"345",3,0.398107170553497,1000,0.01,0.0810486014271444,0.121188033531551,0.0694072919252132,-0.941761928886817,-1.17642116007988,-7.9
"346",4,0.398107170553497,1000,0.01,0.0810486014271444,0.121188033531551,0.0694072919252132,-0.941761928886817,-1.17642116007988,-7.9
"347",5,0.398107170553497,1000,0.01,0.0810486014271444,0.121188033531551,0.0694072919252132,-0.941761928886817,-1.17642116007988,-7.9
"348",6,0.398107170553497,1000,0.01,0.0810486014271444,0.121188033531551,0.0694072919252132,-0.941761928886817,-1.17642116007988,-7.9
"349",7,0.398107170553497,1000,0.01,0.0810486014271444,0.121188033531551,0.0694072919252132,-0.941761928886817,-1.17642116007988,-7.9
"350",8,0.398107170553497,1000,0.01,0.0810486014271444,0.121188033531551,0.0694072919252132,-0.941761928886817,-1.17642116007988,-7.9
"351",9,0.398107170553497,1000,0.01,0.0810486014271444,0.121188033531551,0.0694072919252132,-0.941761928886817,-1.17642116007988,-7.9
"352",10,0.398107170553497,1000,0.01,0.0810486014271444,0.121188033531551,0.0694072919252132,-0.941761928886817,-1.17642116007988,-7.9
"353",11,0.398107170553497,1000,0.01,0.0810486014271444,0.121188033531551,0.0694072919252132,-0.941761928886817,-1.17642116007988,-7.9
"354",12,0.398107170553497,1000,0.01,0.0810486014271444,0.121188033531551,0.0694072919252132,-0.941761928886817,-1.17642116007988,-7.9
"355",13,0.398107170553497,1000,0.01,0.0810486014271444,0.121188033531551,0.0694072919252132,-0.941761928886817,-1.17642116007988,-7.9
"356",14,0.398107170553497,1000,0.01,0.0810486014271444,0.121188033531551,0.0694072919252132,-0.941761928886817,-1.17642116007988,-7.9
"357",15,0.398107170553497,1000,0.01,0.0810486014271444,0.121188033531551,0.0694072919252132,-0.941761928886817,-1.17642116007988,-7.9
"358",16,0.398107170553497,1000,0.01,0.0810486014271444,0.121188033531551,0.0694072919252132,-0.941761928886817,-1.17642116007988,-7.9
"359",17,0.398107170553497,1000,0.01,0.0810486014271444,0.121188033531551,0.0694072919252132,-0.941761928886817,-1.17642116007988,-7.9
"360",18,0.398107170553497,1000,0.01,0.0810486014271444,0.121188033531551,0.0694072919252132,-0.941761928886817,-1.17642116007988,-7.9
"361",19,0.398107170553497,1000,0.01,0.0810486014271444,0.121188033531551,0.0694072919252132,-0.941761928886817,-1.17642116007988,-7.9
"362",20,0.398107170553497,1000,0.01,0.0810486014271444,0.121188033531551,0.0694072919252132,-0.941761928886817,-1.17642116007988,-7.9
"363",21,0.398107170553497,1000,0.01,0.0810486014271444,0.121188033531551,0.0694072919252132,-0.941761928886817,-1.17642116007988,-7.9
"364",22,0.398107170553497,1000,0.01,0.0810486014271444,0.121188033531551,0.0694072919252132,-0.941761928886817,-1.17642116007988,-7.9
"365",23,0.398107170553497,1000,0.01,0.0810486014271444,0.121188033531551,0.0694072919252132,-0.941761928886817,-1.17642116007988,-7.9
"366",24,0.398107170553497,1000,0.01,0.0810486014271444,0.121188033531551,0.0694072919252132,-0.941761928886817,-1.17642116007988,-7.9
"367",25,0.398107170553497,1000,0.01,0.0810486014271444,0.121188033531551,0.0694072919252132,-0.941761928886817,-1.17642116007988,-7.9
"368",26,0.398107170553497,1000,0.01,0.0810486014271444,0.121188033531551,0.0694072919252132,-0.941761928886817,-1.17642116007988,-7.9
"369",27,0.398107170553497,1000,0.01,0.0810486014271444,0.121188033531551,0.0694072919252132,-0.941761928886817,-1.17642116007988,-7.9
"370",28,0.398107170553497,1000,0.01,0.0810486014271444,0.121188033531551,0.0694072919252132,-0.941761928886817,-1.17642116007988,-7.9
"371",29,0.398107170553497,1000,0.01,0.0810486014271444,0.121188033531551,0.0694072919252132,-0.941761928886817,-1.17642116007988,-7.9
"372",30,0.398107170553497,1000,0.01,0.0810486014271444,0.121188033531551,0.0694072919252132,-0.941761928886817,-1.17642116007988,-7.9
"373",0,0.501187233627272,1000,0.01,0.0825274750331597,0.151907140179699,0.098991797550376,-0.911673456710092,-0.781208971588845,-7.8
"374",1,0.501187233627272,1000,0.01,0.0825274750331597,0.151907140179699,0.098991797550376,-0.911673456710092,-0.781208971588845,-7.8
"375",2,0.501187233627272,1000,0.01,0.0825274750331597,0.151907140179699,0.098991797550376,-0.911673456710092,-0.781208971588845,-7.8
"376",3,0.501187233627272,1000,0.01,0.0825274750331597,0.151907140179699,0.098991797550376,-0.911673456710092,-0.781208971588845,-7.8
"377",4,0.501187233627272,1000,0.01,0.0825274750331597,0.151907140179699,0.098991797550376,-0.911673456710092,-0.781208971588845,-7.8
"378",5,0.501187233627272,1000,0.01,0.0825274750331597,0.151907140179699,0.098991797550376,-0.911673456710092,-0.781208971588845,-7.8
"379",6,0.501187233627272,1000,0.01,0.0825274750331597,0.151907140179699,0.098991797550376,-0.911673456710092,-0.781208971588845,-7.8
"380",7,0.501187233627272,1000,0.01,0.0825274750331597,0.151907140179699,0.098991797550376,-0.911673456710092,-0.781208971588845,-7.8
"381",8,0.501187233627272,1000,0.01,0.0825274750331597,0.151907140179699,0.098991797550376,-0.911673456710092,-0.781208971588845,-7.8
"382",9,0.501187233627272,1000,0.01,0.0825274750331597,0.151907140179699,0.098991797550376,-0.911673456710092,-0.781208971588845,-7.8
"383",10,0.501187233627272,1000,0.01,0.0825274750331597,0.151907140179699,0.098991797550376,-0.911673456710092,-0.781208971588845,-7.8
"384",11,0.501187233627272,1000,0.01,0.0825274750331597,0.151907140179699,0.098991797550376,-0.911673456710092,-0.781208971588845,-7.8
"385",12,0.501187233627272,1000,0.01,0.0825274750331597,0.151907140179699,0.098991797550376,-0.911673456710092,-0.781208971588845,-7.8
"386",13,0.501187233627272,1000,0.01,0.0825274750331597,0.151907140179699,0.098991797550376,-0.911673456710092,-0.781208971588845,-7.8
"387",14,0.501187233627272,1000,0.01,0.0825274750331597,0.151907140179699,0.098991797550376,-0.911673456710092,-0.781208971588845,-7.8
"388",15,0.501187233627272,1000,0.01,0.0825274750331597,0.151907140179699,0.098991797550376,-0.911673456710092,-0.781208971588845,-7.8
"389",16,0.501187233627272,1000,0.01,0.0825274750331597,0.151907140179699,0.098991797550376,-0.911673456710092,-0.781208971588845,-7.8
"390",17,0.501187233627272,1000,0.01,0.0825274750331597,0.151907140179699,0.098991797550376,-0.911673456710092,-0.781208971588845,-7.8
"391",18,0.501187233627272,1000,0.01,0.0825274750331597,0.151907140179699,0.098991797550376,-0.911673456710092,-0.781208971588845,-7.8
"392",19,0.501187233627272,1000,0.01,0.0825274750331597,0.151907140179699,0.098991797550376,-0.911673456710092,-0.781208971588845,-7.8
"393",20,0.501187233627272,1000,0.01,0.0825274750331597,0.151907140179699,0.098991797550376,-0.911673456710092,-0.781208971588845,-7.8
"394",21,0.501187233627272,1000,0.01,0.0825274750331597,0.151907140179699,0.098991797550376,-0.911673456710092,-0.781208971588845,-7.8
"395",22,0.501187233627272,1000,0.01,0.0825274750331597,0.151907140179699,0.098991797550376,-0.911673456710092,-0.781208971588845,-7.8
"396",23,0.501187233627272,1000,0.01,0.0825274750331597,0.151907140179699,0.098991797550376,-0.911673456710092,-0.781208971588845,-7.8
"397",24,0.501187233627272,1000,0.01,0.0825274750331597,0.151907140179699,0.098991797550376,-0.911673456710092,-0.781208971588845,-7.8
"398",25,0.501187233627272,1000,0.01,0.0825274750331597,0.151907140179699,0.098991797550376,-0.911673456710092,-0.781208971588845,-7.8
"399",26,0.501187233627272,1000,0.01,0.0825274750331597,0.151907140179699,0.098991797550376,-0.911673456710092,-0.781208971588845,-7.8
"400",27,0.501187233627272,1000,0.01,0.0825274750331597,0.151907140179699,0.098991797550376,-0.911673456710092,-0.781208971588845,-7.8
"401",28,0.501187233627272,1000,0.01,0.0825274750331597,0.151907140179699,0.098991797550376,-0.911673456710092,-0.781208971588845,-7.8
"402",29,0.501187233627272,1000,0.01,0.0825274750331597,0.151907140179699,0.098991797550376,-0.911673456710092,-0.781208971588845,-7.8
"403",30,0.501187233627272,1000,0.01,0.0825274750331597,0.151907140179699,0.098991797550376,-0.911673456710092,-0.781208971588845,-7.8
"404",0,0.630957344480193,1000,0.01,0.0825860415965298,0.185671311946099,0.141003306187382,-0.882720614819968,-0.409610547366999,-7.7
"405",1,0.630957344480193,1000,0.01,0.0825860415965298,0.185671311946099,0.141003306187382,-0.882720614819968,-0.409610547366999,-7.7
"406",2,0.630957344480193,1000,0.01,0.0825860415965298,0.185671311946099,0.141003306187382,-0.882720614819968,-0.409610547366999,-7.7
"407",3,0.630957344480193,1000,0.01,0.0825860415965298,0.185671311946099,0.141003306187382,-0.882720614819968,-0.409610547366999,-7.7
"408",4,0.630957344480193,1000,0.01,0.0825860415965298,0.185671311946099,0.141003306187382,-0.882720614819968,-0.409610547366999,-7.7
"409",5,0.630957344480193,1000,0.01,0.0825860415965298,0.185671311946099,0.141003306187382,-0.882720614819968,-0.409610547366999,-7.7
"410",6,0.630957344480193,1000,0.01,0.0825860415965298,0.185671311946099,0.141003306187382,-0.882720614819968,-0.409610547366999,-7.7
"411",7,0.630957344480193,1000,0.01,0.0825860415965298,0.185671311946099,0.141003306187382,-0.882720614819968,-0.409610547366999,-7.7
"412",8,0.630957344480193,1000,0.01,0.0825860415965298,0.185671311946099,0.141003306187382,-0.882720614819968,-0.409610547366999,-7.7
"413",9,0.630957344480193,1000,0.01,0.0825860415965298,0.185671311946099,0.141003306187382,-0.882720614819968,-0.409610547366999,-7.7
"414",10,0.630957344480193,1000,0.01,0.0825860415965298,0.185671311946099,0.141003306187382,-0.882720614819968,-0.409610547366999,-7.7
"415",11,0.630957344480193,1000,0.01,0.0825860415965298,0.185671311946099,0.141003306187382,-0.882720614819968,-0.409610547366999,-7.7
"416",12,0.630957344480193,1000,0.01,0.0825860415965298,0.185671311946099,0.141003306187382,-0.882720614819968,-0.409610547366999,-7.7
"417",13,0.630957344480193,1000,0.01,0.0825860415965298,0.185671311946099,0.141003306187382,-0.882720614819968,-0.409610547366999,-7.7
"418",14,0.630957344480193,1000,0.01,0.0825860415965298,0.185671311946099,0.141003306187382,-0.882720614819968,-0.409610547366999,-7.7
"419",15,0.630957344480193,1000,0.01,0.0825860415965298,0.185671311946099,0.141003306187382,-0.882720614819968,-0.409610547366999,-7.7
"420",16,0.630957344480193,1000,0.01,0.0825860415965298,0.185671311946099,0.141003306187382,-0.882720614819968,-0.409610547366999,-7.7
"421",17,0.630957344480193,1000,0.01,0.0825860415965298,0.185671311946099,0.141003306187382,-0.882720614819968,-0.409610547366999,-7.7
"422",18,0.630957344480193,1000,0.01,0.0825860415965298,0.185671311946099,0.141003306187382,-0.882720614819968,-0.409610547366999,-7.7
"423",19,0.630957344480193,1000,0.01,0.0825860415965298,0.185671311946099,0.141003306187382,-0.882720614819968,-0.409610547366999,-7.7
"424",20,0.630957344480193,1000,0.01,0.0825860415965298,0.185671311946099,0.141003306187382,-0.882720614819968,-0.409610547366999,-7.7
"425",21,0.630957344480193,1000,0.01,0.0825860415965298,0.185671311946099,0.141003306187382,-0.882720614819968,-0.409610547366999,-7.7
"426",22,0.630957344480193,1000,0.01,0.0825860415965298,0.185671311946099,0.141003306187382,-0.882720614819968,-0.409610547366999,-7.7
"427",23,0.630957344480193,1000,0.01,0.0825860415965298,0.185671311946099,0.141003306187382,-0.882720614819968,-0.409610547366999,-7.7
"428",24,0.630957344480193,1000,0.01,0.0825860415965298,0.185671311946099,0.141003306187382,-0.882720614819968,-0.409610547366999,-7.7
"429",25,0.630957344480193,1000,0.01,0.0825860415965298,0.185671311946099,0.141003306187382,-0.882720614819968,-0.409610547366999,-7.7
"430",26,0.630957344480193,1000,0.01,0.0825860415965298,0.185671311946099,0.141003306187382,-0.882720614819968,-0.409610547366999,-7.7
"431",27,0.630957344480193,1000,0.01,0.0825860415965298,0.185671311946099,0.141003306187382,-0.882720614819968,-0.409610547366999,-7.7
"432",28,0.630957344480193,1000,0.01,0.0825860415965298,0.185671311946099,0.141003306187382,-0.882720614819968,-0.409610547366999,-7.7
"433",29,0.630957344480193,1000,0.01,0.0825860415965298,0.185671311946099,0.141003306187382,-0.882720614819968,-0.409610547366999,-7.7
"434",30,0.630957344480193,1000,0.01,0.0825860415965298,0.185671311946099,0.141003306187382,-0.882720614819968,-0.409610547366999,-7.7
"435",0,0.794328234724282,1000,0.01,0.0815940475908091,0.220710393763651,0.200038148167927,-0.855945230631259,-0.072739410325239,-7.6
"436",1,0.794328234724282,1000,0.01,0.0815940475908091,0.220710393763651,0.200038148167927,-0.855945230631259,-0.072739410325239,-7.6
"437",2,0.794328234724282,1000,0.01,0.0815940475908091,0.220710393763651,0.200038148167927,-0.855945230631259,-0.072739410325239,-7.6
"438",3,0.794328234724282,1000,0.01,0.0815940475908091,0.220710393763651,0.200038148167927,-0.855945230631259,-0.072739410325239,-7.6
"439",4,0.794328234724282,1000,0.01,0.0815940475908091,0.220710393763651,0.200038148167927,-0.855945230631259,-0.072739410325239,-7.6
"440",5,0.794328234724282,1000,0.01,0.0815940475908091,0.220710393763651,0.200038148167927,-0.855945230631259,-0.072739410325239,-7.6
"441",6,0.794328234724282,1000,0.01,0.0815940475908091,0.220710393763651,0.200038148167927,-0.855945230631259,-0.072739410325239,-7.6
"442",7,0.794328234724282,1000,0.01,0.0815940475908091,0.220710393763651,0.200038148167927,-0.855945230631259,-0.072739410325239,-7.6
"443",8,0.794328234724282,1000,0.01,0.0815940475908091,0.220710393763651,0.200038148167927,-0.855945230631259,-0.072739410325239,-7.6
"444",9,0.794328234724282,1000,0.01,0.0815940475908091,0.220710393763651,0.200038148167927,-0.855945230631259,-0.072739410325239,-7.6
"445",10,0.794328234724282,1000,0.01,0.0815940475908091,0.220710393763651,0.200038148167927,-0.855945230631259,-0.072739410325239,-7.6
"446",11,0.794328234724282,1000,0.01,0.0815940475908091,0.220710393763651,0.200038148167927,-0.855945230631259,-0.072739410325239,-7.6
"447",12,0.794328234724282,1000,0.01,0.0815940475908091,0.220710393763651,0.200038148167927,-0.855945230631259,-0.072739410325239,-7.6
"448",13,0.794328234724282,1000,0.01,0.0815940475908091,0.220710393763651,0.200038148167927,-0.855945230631259,-0.072739410325239,-7.6
"449",14,0.794328234724282,1000,0.01,0.0815940475908091,0.220710393763651,0.200038148167927,-0.855945230631259,-0.072739410325239,-7.6
"450",15,0.794328234724282,1000,0.01,0.0815940475908091,0.220710393763651,0.200038148167927,-0.855945230631259,-0.072739410325239,-7.6
"451",16,0.794328234724282,1000,0.01,0.0815940475908091,0.220710393763651,0.200038148167927,-0.855945230631259,-0.072739410325239,-7.6
"452",17,0.794328234724282,1000,0.01,0.0815940475908091,0.220710393763651,0.200038148167927,-0.855945230631259,-0.072739410325239,-7.6
"453",18,0.794328234724282,1000,0.01,0.0815940475908091,0.220710393763651,0.200038148167927,-0.855945230631259,-0.072739410325239,-7.6
"454",19,0.794328234724282,1000,0.01,0.0815940475908091,0.220710393763651,0.200038148167927,-0.855945230631259,-0.072739410325239,-7.6
"455",20,0.794328234724282,1000,0.01,0.0815940475908091,0.220710393763651,0.200038148167927,-0.855945230631259,-0.072739410325239,-7.6
"456",21,0.794328234724282,1000,0.01,0.0815940475908091,0.220710393763651,0.200038148167927,-0.855945230631259,-0.072739410325239,-7.6
"457",22,0.794328234724282,1000,0.01,0.0815940475908091,0.220710393763651,0.200038148167927,-0.855945230631259,-0.072739410325239,-7.6
"458",23,0.794328234724282,1000,0.01,0.0815940475908091,0.220710393763651,0.200038148167927,-0.855945230631259,-0.072739410325239,-7.6
"459",24,0.794328234724282,1000,0.01,0.0815940475908091,0.220710393763651,0.200038148167927,-0.855945230631259,-0.072739410325239,-7.6
"460",25,0.794328234724282,1000,0.01,0.0815940475908091,0.220710393763651,0.200038148167927,-0.855945230631259,-0.072739410325239,-7.6
"461",26,0.794328234724282,1000,0.01,0.0815940475908091,0.220710393763651,0.200038148167927,-0.855945230631259,-0.072739410325239,-7.6
"462",27,0.794328234724282,1000,0.01,0.0815940475908091,0.220710393763651,0.200038148167927,-0.855945230631259,-0.072739410325239,-7.6
"463",28,0.794328234724282,1000,0.01,0.0815940475908091,0.220710393763651,0.200038148167927,-0.855945230631259,-0.072739410325239,-7.6
"464",29,0.794328234724282,1000,0.01,0.0815940475908091,0.220710393763651,0.200038148167927,-0.855945230631259,-0.072739410325239,-7.6
"465",30,0.794328234724282,1000,0.01,0.0815940475908091,0.220710393763651,0.200038148167927,-0.855945230631259,-0.072739410325239,-7.6
"466",0,1,1000,0.01,0.0799869924803367,0.254731505977502,0.281876503403644,-0.83231223480339,0.219609158385667,-7.5
"467",1,1,1000,0.01,0.0799869924803367,0.254731505977502,0.281876503403644,-0.83231223480339,0.219609158385667,-7.5
"468",2,1,1000,0.01,0.0799869924803367,0.254731505977502,0.281876503403644,-0.83231223480339,0.219609158385667,-7.5
"469",3,1,1000,0.01,0.0799869924803367,0.254731505977502,0.281876503403644,-0.83231223480339,0.219609158385667,-7.5
"470",4,1,1000,0.01,0.0799869924803367,0.254731505977502,0.281876503403644,-0.83231223480339,0.219609158385667,-7.5
"471",5,1,1000,0.01,0.0799869924803367,0.254731505977502,0.281876503403644,-0.83231223480339,0.219609158385667,-7.5
"472",6,1,1000,0.01,0.0799869924803367,0.254731505977502,0.281876503403644,-0.83231223480339,0.219609158385667,-7.5
"473",7,1,1000,0.01,0.0799869924803367,0.254731505977502,0.281876503403644,-0.83231223480339,0.219609158385667,-7.5
"474",8,1,1000,0.01,0.0799869924803367,0.254731505977502,0.281876503403644,-0.83231223480339,0.219609158385667,-7.5
"475",9,1,1000,0.01,0.0799869924803367,0.254731505977502,0.281876503403644,-0.83231223480339,0.219609158385667,-7.5
"476",10,1,1000,0.01,0.0799869924803367,0.254731505977502,0.281876503403644,-0.83231223480339,0.219609158385667,-7.5
"477",11,1,1000,0.01,0.0799869924803367,0.254731505977502,0.281876503403644,-0.83231223480339,0.219609158385667,-7.5
"478",12,1,1000,0.01,0.0799869924803367,0.254731505977502,0.281876503403644,-0.83231223480339,0.219609158385667,-7.5
"479",13,1,1000,0.01,0.0799869924803367,0.254731505977502,0.281876503403644,-0.83231223480339,0.219609158385667,-7.5
"480",14,1,1000,0.01,0.0799869924803367,0.254731505977502,0.281876503403644,-0.83231223480339,0.219609158385667,-7.5
"481",15,1,1000,0.01,0.0799869924803367,0.254731505977502,0.281876503403644,-0.83231223480339,0.219609158385667,-7.5
"482",16,1,1000,0.01,0.0799869924803367,0.254731505977502,0.281876503403644,-0.83231223480339,0.219609158385667,-7.5
"483",17,1,1000,0.01,0.0799869924803367,0.254731505977502,0.281876503403644,-0.83231223480339,0.219609158385667,-7.5
"484",18,1,1000,0.01,0.0799869924803367,0.254731505977502,0.281876503403644,-0.83231223480339,0.219609158385667,-7.5
"485",19,1,1000,0.01,0.0799869924803367,0.254731505977502,0.281876503403644,-0.83231223480339,0.219609158385667,-7.5
"486",20,1,1000,0.01,0.0799869924803367,0.254731505977502,0.281876503403644,-0.83231223480339,0.219609158385667,-7.5
"487",21,1,1000,0.01,0.0799869924803367,0.254731505977502,0.281876503403644,-0.83231223480339,0.219609158385667,-7.5
"488",22,1,1000,0.01,0.0799869924803367,0.254731505977502,0.281876503403644,-0.83231223480339,0.219609158385667,-7.5
"489",23,1,1000,0.01,0.0799869924803367,0.254731505977502,0.281876503403644,-0.83231223480339,0.219609158385667,-7.5
"490",24,1,1000,0.01,0.0799869924803367,0.254731505977502,0.281876503403644,-0.83231223480339,0.219609158385667,-7.5
"491",25,1,1000,0.01,0.0799869924803367,0.254731505977502,0.281876503403644,-0.83231223480339,0.219609158385667,-7.5
"492",26,1,1000,0.01,0.0799869924803367,0.254731505977502,0.281876503403644,-0.83231223480339,0.219609158385667,-7.5
"493",27,1,1000,0.01,0.0799869924803367,0.254731505977502,0.281876503403644,-0.83231223480339,0.219609158385667,-7.5
"494",28,1,1000,0.01,0.0799869924803367,0.254731505977502,0.281876503403644,-0.83231223480339,0.219609158385667,-7.5
"495",29,1,1000,0.01,0.0799869924803367,0.254731505977502,0.281876503403644,-0.83231223480339,0.219609158385667,-7.5
"496",30,1,1000,0.01,0.0799869924803367,0.254731505977502,0.281876503403644,-0.83231223480339,0.219609158385667,-7.5
"497",0,1.25892541179417,1000,0.01,0.0781188289633853,0.285236024475269,0.39347804158232,-0.81251711654253,0.460758726336546,-7.4
"498",1,1.25892541179417,1000,0.01,0.0781188289633853,0.285236024475269,0.39347804158232,-0.81251711654253,0.460758726336546,-7.4
"499",2,1.25892541179417,1000,0.01,0.0781188289633853,0.285236024475269,0.39347804158232,-0.81251711654253,0.460758726336546,-7.4
"500",3,1.25892541179417,1000,0.01,0.0781188289633853,0.285236024475269,0.39347804158232,-0.81251711654253,0.460758726336546,-7.4
"501",4,1.25892541179417,1000,0.01,0.0781188289633853,0.285236024475269,0.39347804158232,-0.81251711654253,0.460758726336546,-7.4
"502",5,1.25892541179417,1000,0.01,0.0781188289633853,0.285236024475269,0.39347804158232,-0.81251711654253,0.460758726336546,-7.4
"503",6,1.25892541179417,1000,0.01,0.0781188289633853,0.285236024475269,0.39347804158232,-0.81251711654253,0.460758726336546,-7.4
"504",7,1.25892541179417,1000,0.01,0.0781188289633853,0.285236024475269,0.39347804158232,-0.81251711654253,0.460758726336546,-7.4
"505",8,1.25892541179417,1000,0.01,0.0781188289633853,0.285236024475269,0.39347804158232,-0.81251711654253,0.460758726336546,-7.4
"506",9,1.25892541179417,1000,0.01,0.0781188289633853,0.285236024475269,0.39347804158232,-0.81251711654253,0.460758726336546,-7.4
"507",10,1.25892541179417,1000,0.01,0.0781188289633853,0.285236024475269,0.39347804158232,-0.81251711654253,0.460758726336546,-7.4
"508",11,1.25892541179417,1000,0.01,0.0781188289633853,0.285236024475269,0.39347804158232,-0.81251711654253,0.460758726336546,-7.4
"509",12,1.25892541179417,1000,0.01,0.0781188289633853,0.285236024475269,0.39347804158232,-0.81251711654253,0.460758726336546,-7.4
"510",13,1.25892541179417,1000,0.01,0.0781188289633853,0.285236024475269,0.39347804158232,-0.81251711654253,0.460758726336546,-7.4
"511",14,1.25892541179417,1000,0.01,0.0781188289633853,0.285236024475269,0.39347804158232,-0.81251711654253,0.460758726336546,-7.4
"512",15,1.25892541179417,1000,0.01,0.0781188289633853,0.285236024475269,0.39347804158232,-0.81251711654253,0.460758726336546,-7.4
"513",16,1.25892541179417,1000,0.01,0.0781188289633853,0.285236024475269,0.39347804158232,-0.81251711654253,0.460758726336546,-7.4
"514",17,1.25892541179417,1000,0.01,0.0781188289633853,0.285236024475269,0.39347804158232,-0.81251711654253,0.460758726336546,-7.4
"515",18,1.25892541179417,1000,0.01,0.0781188289633853,0.285236024475269,0.39347804158232,-0.81251711654253,0.460758726336546,-7.4
"516",19,1.25892541179417,1000,0.01,0.0781188289633853,0.285236024475269,0.39347804158232,-0.81251711654253,0.460758726336546,-7.4
"517",20,1.25892541179417,1000,0.01,0.0781188289633853,0.285236024475269,0.39347804158232,-0.81251711654253,0.460758726336546,-7.4
"518",21,1.25892541179417,1000,0.01,0.0781188289633853,0.285236024475269,0.39347804158232,-0.81251711654253,0.460758726336546,-7.4
"519",22,1.25892541179417,1000,0.01,0.0781188289633853,0.285236024475269,0.39347804158232,-0.81251711654253,0.460758726336546,-7.4
"520",23,1.25892541179417,1000,0.01,0.0781188289633853,0.285236024475269,0.39347804158232,-0.81251711654253,0.460758726336546,-7.4
"521",24,1.25892541179417,1000,0.01,0.0781188289633853,0.285236024475269,0.39347804158232,-0.81251711654253,0.460758726336546,-7.4
"522",25,1.25892541179417,1000,0.01,0.0781188289633853,0.285236024475269,0.39347804158232,-0.81251711654253,0.460758726336546,-7.4
"523",26,1.25892541179417,1000,0.01,0.0781188289633853,0.285236024475269,0.39347804158232,-0.81251711654253,0.460758726336546,-7.4
"524",27,1.25892541179417,1000,0.01,0.0781188289633853,0.285236024475269,0.39347804158232,-0.81251711654253,0.460758726336546,-7.4
"525",28,1.25892541179417,1000,0.01,0.0781188289633853,0.285236024475269,0.39347804158232,-0.81251711654253,0.460758726336546,-7.4
"526",29,1.25892541179417,1000,0.01,0.0781188289633853,0.285236024475269,0.39347804158232,-0.81251711654253,0.460758726336546,-7.4
"527",30,1.25892541179417,1000,0.01,0.0781188289633853,0.285236024475269,0.39347804158232,-0.81251711654253,0.460758726336546,-7.4
"528",0,1.58489319246111,1000,0.01,0.0761935335945083,0.309937636771311,0.542835216414117,-0.796881265947872,0.648067191684492,-7.2
"529",1,1.58489319246111,1000,0.01,0.0761935335945083,0.309937636771311,0.542835216414117,-0.796881265947872,0.648067191684492,-7.2
"530",2,1.58489319246111,1000,0.01,0.0761935335945083,0.309937636771311,0.542835216414117,-0.796881265947872,0.648067191684492,-7.2
"531",3,1.58489319246111,1000,0.01,0.0761935335945083,0.309937636771311,0.542835216414117,-0.796881265947872,0.648067191684492,-7.2
"532",4,1.58489319246111,1000,0.01,0.0761935335945083,0.309937636771311,0.542835216414117,-0.796881265947872,0.648067191684492,-7.2
"533",5,1.58489319246111,1000,0.01,0.0761935335945083,0.309937636771311,0.542835216414117,-0.796881265947872,0.648067191684492,-7.2
"534",6,1.58489319246111,1000,0.01,0.0761935335945083,0.309937636771311,0.542835216414117,-0.796881265947872,0.648067191684492,-7.2
"535",7,1.58489319246111,1000,0.01,0.0761935335945083,0.309937636771311,0.542835216414117,-0.796881265947872,0.648067191684492,-7.2
"536",8,1.58489319246111,1000,0.01,0.0761935335945083,0.309937636771311,0.542835216414117,-0.796881265947872,0.648067191684492,-7.2
"537",9,1.58489319246111,1000,0.01,0.0761935335945083,0.309937636771311,0.542835216414117,-0.796881265947872,0.648067191684492,-7.2
"538",10,1.58489319246111,1000,0.01,0.0761935335945083,0.309937636771311,0.542835216414117,-0.796881265947872,0.648067191684492,-7.2
"539",11,1.58489319246111,1000,0.01,0.0761935335945083,0.309937636771311,0.542835216414117,-0.796881265947872,0.648067191684492,-7.2
"540",12,1.58489319246111,1000,0.01,0.0761935335945083,0.309937636771311,0.542835216414117,-0.796881265947872,0.648067191684492,-7.2
"541",13,1.58489319246111,1000,0.01,0.0761935335945083,0.309937636771311,0.542835216414117,-0.796881265947872,0.648067191684492,-7.2
"542",14,1.58489319246111,1000,0.01,0.0761935335945083,0.309937636771311,0.542835216414117,-0.796881265947872,0.648067191684492,-7.2
"543",15,1.58489319246111,1000,0.01,0.0761935335945083,0.309937636771311,0.542835216414117,-0.796881265947872,0.648067191684492,-7.2
"544",16,1.58489319246111,1000,0.01,0.0761935335945083,0.309937636771311,0.542835216414117,-0.796881265947872,0.648067191684492,-7.2
"545",17,1.58489319246111,1000,0.01,0.0761935335945083,0.309937636771311,0.542835216414117,-0.796881265947872,0.648067191684492,-7.2
"546",18,1.58489319246111,1000,0.01,0.0761935335945083,0.309937636771311,0.542835216414117,-0.796881265947872,0.648067191684492,-7.2
"547",19,1.58489319246111,1000,0.01,0.0761935335945083,0.309937636771311,0.542835216414117,-0.796881265947872,0.648067191684492,-7.2
"548",20,1.58489319246111,1000,0.01,0.0761935335945083,0.309937636771311,0.542835216414117,-0.796881265947872,0.648067191684492,-7.2
"549",21,1.58489319246111,1000,0.01,0.0761935335945083,0.309937636771311,0.542835216414117,-0.796881265947872,0.648067191684492,-7.2
"550",22,1.58489319246111,1000,0.01,0.0761935335945083,0.309937636771311,0.542835216414117,-0.796881265947872,0.648067191684492,-7.2
"551",23,1.58489319246111,1000,0.01,0.0761935335945083,0.309937636771311,0.542835216414117,-0.796881265947872,0.648067191684492,-7.2
"552",24,1.58489319246111,1000,0.01,0.0761935335945083,0.309937636771311,0.542835216414117,-0.796881265947872,0.648067191684492,-7.2
"553",25,1.58489319246111,1000,0.01,0.0761935335945083,0.309937636771311,0.542835216414117,-0.796881265947872,0.648067191684492,-7.2
"554",26,1.58489319246111,1000,0.01,0.0761935335945083,0.309937636771311,0.542835216414117,-0.796881265947872,0.648067191684492,-7.2
"555",27,1.58489319246111,1000,0.01,0.0761935335945083,0.309937636771311,0.542835216414117,-0.796881265947872,0.648067191684492,-7.2
"556",28,1.58489319246111,1000,0.01,0.0761935335945083,0.309937636771311,0.542835216414117,-0.796881265947872,0.648067191684492,-7.2
"557",29,1.58489319246111,1000,0.01,0.0761935335945083,0.309937636771311,0.542835216414117,-0.796881265947872,0.648067191684492,-7.2
"558",30,1.58489319246111,1000,0.01,0.0761935335945083,0.309937636771311,0.542835216414117,-0.796881265947872,0.648067191684492,-7.2
"559",0,1.99526231496888,1000,0.01,0.0742918772718809,0.327230140526057,0.738727769763231,-0.785362677921538,0.78281454435623,-7.1
"560",1,1.99526231496888,1000,0.01,0.0742918772718809,0.327230140526057,0.738727769763231,-0.785362677921538,0.78281454435623,-7.1
"561",2,1.99526231496888,1000,0.01,0.0742918772718809,0.327230140526057,0.738727769763231,-0.785362677921538,0.78281454435623,-7.1
"562",3,1.99526231496888,1000,0.01,0.0742918772718809,0.327230140526057,0.738727769763231,-0.785362677921538,0.78281454435623,-7.1
"563",4,1.99526231496888,1000,0.01,0.0742918772718809,0.327230140526057,0.738727769763231,-0.785362677921538,0.78281454435623,-7.1
"564",5,1.99526231496888,1000,0.01,0.0742918772718809,0.327230140526057,0.738727769763231,-0.785362677921538,0.78281454435623,-7.1
"565",6,1.99526231496888,1000,0.01,0.0742918772718809,0.327230140526057,0.738727769763231,-0.785362677921538,0.78281454435623,-7.1
"566",7,1.99526231496888,1000,0.01,0.0742918772718809,0.327230140526057,0.738727769763231,-0.785362677921538,0.78281454435623,-7.1
"567",8,1.99526231496888,1000,0.01,0.0742918772718809,0.327230140526057,0.738727769763231,-0.785362677921538,0.78281454435623,-7.1
"568",9,1.99526231496888,1000,0.01,0.0742918772718809,0.327230140526057,0.738727769763231,-0.785362677921538,0.78281454435623,-7.1
"569",10,1.99526231496888,1000,0.01,0.0742918772718809,0.327230140526057,0.738727769763231,-0.785362677921538,0.78281454435623,-7.1
"570",11,1.99526231496888,1000,0.01,0.0742918772718809,0.327230140526057,0.738727769763231,-0.785362677921538,0.78281454435623,-7.1
"571",12,1.99526231496888,1000,0.01,0.0742918772718809,0.327230140526057,0.738727769763231,-0.785362677921538,0.78281454435623,-7.1
"572",13,1.99526231496888,1000,0.01,0.0742918772718809,0.327230140526057,0.738727769763231,-0.785362677921538,0.78281454435623,-7.1
"573",14,1.99526231496888,1000,0.01,0.0742918772718809,0.327230140526057,0.738727769763231,-0.785362677921538,0.78281454435623,-7.1
"574",15,1.99526231496888,1000,0.01,0.0742918772718809,0.327230140526057,0.738727769763231,-0.785362677921538,0.78281454435623,-7.1
"575",16,1.99526231496888,1000,0.01,0.0742918772718809,0.327230140526057,0.738727769763231,-0.785362677921538,0.78281454435623,-7.1
"576",17,1.99526231496888,1000,0.01,0.0742918772718809,0.327230140526057,0.738727769763231,-0.785362677921538,0.78281454435623,-7.1
"577",18,1.99526231496888,1000,0.01,0.0742918772718809,0.327230140526057,0.738727769763231,-0.785362677921538,0.78281454435623,-7.1
"578",19,1.99526231496888,1000,0.01,0.0742918772718809,0.327230140526057,0.738727769763231,-0.785362677921538,0.78281454435623,-7.1
"579",20,1.99526231496888,1000,0.01,0.0742918772718809,0.327230140526057,0.738727769763231,-0.785362677921538,0.78281454435623,-7.1
"580",21,1.99526231496888,1000,0.01,0.0742918772718809,0.327230140526057,0.738727769763231,-0.785362677921538,0.78281454435623,-7.1
"581",22,1.99526231496888,1000,0.01,0.0742918772718809,0.327230140526057,0.738727769763231,-0.785362677921538,0.78281454435623,-7.1
"582",23,1.99526231496888,1000,0.01,0.0742918772718809,0.327230140526057,0.738727769763231,-0.785362677921538,0.78281454435623,-7.1
"583",24,1.99526231496888,1000,0.01,0.0742918772718809,0.327230140526057,0.738727769763231,-0.785362677921538,0.78281454435623,-7.1
"584",25,1.99526231496888,1000,0.01,0.0742918772718809,0.327230140526057,0.738727769763231,-0.785362677921538,0.78281454435623,-7.1
"585",26,1.99526231496888,1000,0.01,0.0742918772718809,0.327230140526057,0.738727769763231,-0.785362677921538,0.78281454435623,-7.1
"586",27,1.99526231496888,1000,0.01,0.0742918772718809,0.327230140526057,0.738727769763231,-0.785362677921538,0.78281454435623,-7.1
"587",28,1.99526231496888,1000,0.01,0.0742918772718809,0.327230140526057,0.738727769763231,-0.785362677921538,0.78281454435623,-7.1
"588",29,1.99526231496888,1000,0.01,0.0742918772718809,0.327230140526057,0.738727769763231,-0.785362677921538,0.78281454435623,-7.1
"589",30,1.99526231496888,1000,0.01,0.0742918772718809,0.327230140526057,0.738727769763231,-0.785362677921538,0.78281454435623,-7.1
"590",0,2.51188643150958,1000,0.01,0.07243413334198,0.336612031675734,0.990541157554905,-0.777604544383671,0.869850070826934,-7
"591",1,2.51188643150958,1000,0.01,0.07243413334198,0.336612031675734,0.990541157554905,-0.777604544383671,0.869850070826934,-7
"592",2,2.51188643150958,1000,0.01,0.07243413334198,0.336612031675734,0.990541157554905,-0.777604544383671,0.869850070826934,-7
"593",3,2.51188643150958,1000,0.01,0.07243413334198,0.336612031675734,0.990541157554905,-0.777604544383671,0.869850070826934,-7
"594",4,2.51188643150958,1000,0.01,0.07243413334198,0.336612031675734,0.990541157554905,-0.777604544383671,0.869850070826934,-7
"595",5,2.51188643150958,1000,0.01,0.07243413334198,0.336612031675734,0.990541157554905,-0.777604544383671,0.869850070826934,-7
"596",6,2.51188643150958,1000,0.01,0.07243413334198,0.336612031675734,0.990541157554905,-0.777604544383671,0.869850070826934,-7
"597",7,2.51188643150958,1000,0.01,0.07243413334198,0.336612031675734,0.990541157554905,-0.777604544383671,0.869850070826934,-7
"598",8,2.51188643150958,1000,0.01,0.07243413334198,0.336612031675734,0.990541157554905,-0.777604544383671,0.869850070826934,-7
"599",9,2.51188643150958,1000,0.01,0.07243413334198,0.336612031675734,0.990541157554905,-0.777604544383671,0.869850070826934,-7
"600",10,2.51188643150958,1000,0.01,0.07243413334198,0.336612031675734,0.990541157554905,-0.777604544383671,0.869850070826934,-7
"601",11,2.51188643150958,1000,0.01,0.07243413334198,0.336612031675734,0.990541157554905,-0.777604544383671,0.869850070826934,-7
"602",12,2.51188643150958,1000,0.01,0.07243413334198,0.336612031675734,0.990541157554905,-0.777604544383671,0.869850070826934,-7
"603",13,2.51188643150958,1000,0.01,0.07243413334198,0.336612031675734,0.990541157554905,-0.777604544383671,0.869850070826934,-7
"604",14,2.51188643150958,1000,0.01,0.07243413334198,0.336612031675734,0.990541157554905,-0.777604544383671,0.869850070826934,-7
"605",15,2.51188643150958,1000,0.01,0.07243413334198,0.336612031675734,0.990541157554905,-0.777604544383671,0.869850070826934,-7
"606",16,2.51188643150958,1000,0.01,0.07243413334198,0.336612031675734,0.990541157554905,-0.777604544383671,0.869850070826934,-7
"607",17,2.51188643150958,1000,0.01,0.07243413334198,0.336612031675734,0.990541157554905,-0.777604544383671,0.869850070826934,-7
"608",18,2.51188643150958,1000,0.01,0.07243413334198,0.336612031675734,0.990541157554905,-0.777604544383671,0.869850070826934,-7
"609",19,2.51188643150958,1000,0.01,0.07243413334198,0.336612031675734,0.990541157554905,-0.777604544383671,0.869850070826934,-7
"610",20,2.51188643150958,1000,0.01,0.07243413334198,0.336612031675734,0.990541157554905,-0.777604544383671,0.869850070826934,-7
"611",21,2.51188643150958,1000,0.01,0.07243413334198,0.336612031675734,0.990541157554905,-0.777604544383671,0.869850070826934,-7
"612",22,2.51188643150958,1000,0.01,0.07243413334198,0.336612031675734,0.990541157554905,-0.777604544383671,0.869850070826934,-7
"613",23,2.51188643150958,1000,0.01,0.07243413334198,0.336612031675734,0.990541157554905,-0.777604544383671,0.869850070826934,-7
"614",24,2.51188643150958,1000,0.01,0.07243413334198,0.336612031675734,0.990541157554905,-0.777604544383671,0.869850070826934,-7
"615",25,2.51188643150958,1000,0.01,0.07243413334198,0.336612031675734,0.990541157554905,-0.777604544383671,0.869850070826934,-7
"616",26,2.51188643150958,1000,0.01,0.07243413334198,0.336612031675734,0.990541157554905,-0.777604544383671,0.869850070826934,-7
"617",27,2.51188643150958,1000,0.01,0.07243413334198,0.336612031675734,0.990541157554905,-0.777604544383671,0.869850070826934,-7
"618",28,2.51188643150958,1000,0.01,0.07243413334198,0.336612031675734,0.990541157554905,-0.777604544383671,0.869850070826934,-7
"619",29,2.51188643150958,1000,0.01,0.07243413334198,0.336612031675734,0.990541157554905,-0.777604544383671,0.869850070826934,-7
"620",30,2.51188643150958,1000,0.01,0.07243413334198,0.336612031675734,0.990541157554905,-0.777604544383671,0.869850070826934,-7
"621",0,3.16227766016838,1000,0.01,0.0706225428442702,0.338871312111571,1.30841453220175,-0.772969515507337,0.917375164549159,-7
"622",1,3.16227766016838,1000,0.01,0.0706225428442702,0.338871312111571,1.30841453220175,-0.772969515507337,0.917375164549159,-7
"623",2,3.16227766016838,1000,0.01,0.0706225428442702,0.338871312111571,1.30841453220175,-0.772969515507337,0.917375164549159,-7
"624",3,3.16227766016838,1000,0.01,0.0706225428442702,0.338871312111571,1.30841453220175,-0.772969515507337,0.917375164549159,-7
"625",4,3.16227766016838,1000,0.01,0.0706225428442702,0.338871312111571,1.30841453220175,-0.772969515507337,0.917375164549159,-7
"626",5,3.16227766016838,1000,0.01,0.0706225428442702,0.338871312111571,1.30841453220175,-0.772969515507337,0.917375164549159,-7
"627",6,3.16227766016838,1000,0.01,0.0706225428442702,0.338871312111571,1.30841453220175,-0.772969515507337,0.917375164549159,-7
"628",7,3.16227766016838,1000,0.01,0.0706225428442702,0.338871312111571,1.30841453220175,-0.772969515507337,0.917375164549159,-7
"629",8,3.16227766016838,1000,0.01,0.0706225428442702,0.338871312111571,1.30841453220175,-0.772969515507337,0.917375164549159,-7
"630",9,3.16227766016838,1000,0.01,0.0706225428442702,0.338871312111571,1.30841453220175,-0.772969515507337,0.917375164549159,-7
"631",10,3.16227766016838,1000,0.01,0.0706225428442702,0.338871312111571,1.30841453220175,-0.772969515507337,0.917375164549159,-7
"632",11,3.16227766016838,1000,0.01,0.0706225428442702,0.338871312111571,1.30841453220175,-0.772969515507337,0.917375164549159,-7
"633",12,3.16227766016838,1000,0.01,0.0706225428442702,0.338871312111571,1.30841453220175,-0.772969515507337,0.917375164549159,-7
"634",13,3.16227766016838,1000,0.01,0.0706225428442702,0.338871312111571,1.30841453220175,-0.772969515507337,0.917375164549159,-7
"635",14,3.16227766016838,1000,0.01,0.0706225428442702,0.338871312111571,1.30841453220175,-0.772969515507337,0.917375164549159,-7
"636",15,3.16227766016838,1000,0.01,0.0706225428442702,0.338871312111571,1.30841453220175,-0.772969515507337,0.917375164549159,-7
"637",16,3.16227766016838,1000,0.01,0.0706225428442702,0.338871312111571,1.30841453220175,-0.772969515507337,0.917375164549159,-7
"638",17,3.16227766016838,1000,0.01,0.0706225428442702,0.338871312111571,1.30841453220175,-0.772969515507337,0.917375164549159,-7
"639",18,3.16227766016838,1000,0.01,0.0706225428442702,0.338871312111571,1.30841453220175,-0.772969515507337,0.917375164549159,-7
"640",19,3.16227766016838,1000,0.01,0.0706225428442702,0.338871312111571,1.30841453220175,-0.772969515507337,0.917375164549159,-7
"641",20,3.16227766016838,1000,0.01,0.0706225428442702,0.338871312111571,1.30841453220175,-0.772969515507337,0.917375164549159,-7
"642",21,3.16227766016838,1000,0.01,0.0706225428442702,0.338871312111571,1.30841453220175,-0.772969515507337,0.917375164549159,-7
"643",22,3.16227766016838,1000,0.01,0.0706225428442702,0.338871312111571,1.30841453220175,-0.772969515507337,0.917375164549159,-7
"644",23,3.16227766016838,1000,0.01,0.0706225428442702,0.338871312111571,1.30841453220175,-0.772969515507337,0.917375164549159,-7
"645",24,3.16227766016838,1000,0.01,0.0706225428442702,0.338871312111571,1.30841453220175,-0.772969515507337,0.917375164549159,-7
"646",25,3.16227766016838,1000,0.01,0.0706225428442702,0.338871312111571,1.30841453220175,-0.772969515507337,0.917375164549159,-7
"647",26,3.16227766016838,1000,0.01,0.0706225428442702,0.338871312111571,1.30841453220175,-0.772969515507337,0.917375164549159,-7
"648",27,3.16227766016838,1000,0.01,0.0706225428442702,0.338871312111571,1.30841453220175,-0.772969515507337,0.917375164549159,-7
"649",28,3.16227766016838,1000,0.01,0.0706225428442702,0.338871312111571,1.30841453220175,-0.772969515507337,0.917375164549159,-7
"650",29,3.16227766016838,1000,0.01,0.0706225428442702,0.338871312111571,1.30841453220175,-0.772969515507337,0.917375164549159,-7
"651",30,3.16227766016838,1000,0.01,0.0706225428442702,0.338871312111571,1.30841453220175,-0.772969515507337,0.917375164549159,-7
